[
{
  "model": "admin.logentry",
  "pk": 1,
  "fields": {
    "action_time": "2021-08-11T15:00:31.454Z",
    "user": "27e54a1a-7ee0-4bc1-9200-8b92574dc21d",
    "content_type": 8,
    "object_id": "f320e7b6-e968-429f-a2f8-280096ebcc16",
    "object_repr": "mpolikujyhgtrf",
    "action_flag": 3,
    "change_message": ""
  }
},
{
  "model": "admin.logentry",
  "pk": 2,
  "fields": {
    "action_time": "2021-08-11T15:00:31.473Z",
    "user": "27e54a1a-7ee0-4bc1-9200-8b92574dc21d",
    "content_type": 8,
    "object_id": "e0eff12d-3af0-4a42-93fc-d6fae39a559c",
    "object_repr": "grfedgrfed",
    "action_flag": 3,
    "change_message": ""
  }
},
{
  "model": "admin.logentry",
  "pk": 3,
  "fields": {
    "action_time": "2021-08-11T15:00:31.473Z",
    "user": "27e54a1a-7ee0-4bc1-9200-8b92574dc21d",
    "content_type": 8,
    "object_id": "cb6bc0d7-0a95-4cc1-bacd-fcd9a3ef2b6d",
    "object_repr": "pomlikujyhgfrd",
    "action_flag": 3,
    "change_message": ""
  }
},
{
  "model": "admin.logentry",
  "pk": 4,
  "fields": {
    "action_time": "2021-08-11T15:00:31.474Z",
    "user": "27e54a1a-7ee0-4bc1-9200-8b92574dc21d",
    "content_type": 8,
    "object_id": "7062e695-68cd-4fa2-823c-91823cbe6385",
    "object_repr": "ikujtgrefdsz",
    "action_flag": 3,
    "change_message": ""
  }
},
{
  "model": "admin.logentry",
  "pk": 5,
  "fields": {
    "action_time": "2021-08-11T15:00:31.475Z",
    "user": "27e54a1a-7ee0-4bc1-9200-8b92574dc21d",
    "content_type": 8,
    "object_id": "3fc7b1f7-c466-4b8f-8e25-a2eedf4728f7",
    "object_repr": "m!l:o;kij,uh",
    "action_flag": 3,
    "change_message": ""
  }
},
{
  "model": "admin.logentry",
  "pk": 6,
  "fields": {
    "action_time": "2021-08-11T15:00:31.475Z",
    "user": "27e54a1a-7ee0-4bc1-9200-8b92574dc21d",
    "content_type": 8,
    "object_id": "2952d038-df41-434b-bf92-1e527564ce32",
    "object_repr": "likyujthg",
    "action_flag": 3,
    "change_message": ""
  }
},
{
  "model": "admin.logentry",
  "pk": 7,
  "fields": {
    "action_time": "2021-08-11T17:35:05.194Z",
    "user": "27e54a1a-7ee0-4bc1-9200-8b92574dc21d",
    "content_type": 8,
    "object_id": "f299205e-7a21-4db2-8bf3-e521c25924fc",
    "object_repr": "Essai de conseil publié avec 2 questions",
    "action_flag": 3,
    "change_message": ""
  }
},
{
  "model": "admin.logentry",
  "pk": 8,
  "fields": {
    "action_time": "2021-08-11T17:35:05.196Z",
    "user": "27e54a1a-7ee0-4bc1-9200-8b92574dc21d",
    "content_type": 8,
    "object_id": "dbfc988d-46d0-477c-929c-de999714ba2b",
    "object_repr": "ujyhgtr",
    "action_flag": 3,
    "change_message": ""
  }
},
{
  "model": "admin.logentry",
  "pk": 9,
  "fields": {
    "action_time": "2021-08-11T17:35:05.197Z",
    "user": "27e54a1a-7ee0-4bc1-9200-8b92574dc21d",
    "content_type": 8,
    "object_id": "c4bbdd4f-14d3-42aa-9bdb-232b30fbd021",
    "object_repr": "jyhgtrfe",
    "action_flag": 3,
    "change_message": ""
  }
},
{
  "model": "admin.logentry",
  "pk": 10,
  "fields": {
    "action_time": "2021-08-11T17:35:05.198Z",
    "user": "27e54a1a-7ee0-4bc1-9200-8b92574dc21d",
    "content_type": 8,
    "object_id": "5f8bbc25-82af-417d-9bbc-531b832c9211",
    "object_repr": "oliukyjhgfr",
    "action_flag": 3,
    "change_message": ""
  }
},
{
  "model": "admin.logentry",
  "pk": 11,
  "fields": {
    "action_time": "2021-08-11T17:35:05.199Z",
    "user": "27e54a1a-7ee0-4bc1-9200-8b92574dc21d",
    "content_type": 8,
    "object_id": "0ee416b0-c06b-4ade-9d20-618fde532610",
    "object_repr": "KUJYHGERF",
    "action_flag": 3,
    "change_message": ""
  }
},
{
  "model": "admin.logentry",
  "pk": 12,
  "fields": {
    "action_time": "2021-08-11T17:35:05.200Z",
    "user": "27e54a1a-7ee0-4bc1-9200-8b92574dc21d",
    "content_type": 8,
    "object_id": "00345f90-2c3f-4a6e-95d0-762f492e7449",
    "object_repr": "*%MLki:j;,hng",
    "action_flag": 3,
    "change_message": ""
  }
},
{
  "model": "admin.logentry",
  "pk": 13,
  "fields": {
    "action_time": "2021-08-11T17:38:54.470Z",
    "user": "27e54a1a-7ee0-4bc1-9200-8b92574dc21d",
    "content_type": 8,
    "object_id": "7435a7c7-f95f-4a8a-a271-1c3d4c0e3de8",
    "object_repr": "Essai de conseil publié avec 2 questions",
    "action_flag": 3,
    "change_message": ""
  }
},
{
  "model": "admin.logentry",
  "pk": 14,
  "fields": {
    "action_time": "2021-08-11T17:51:28.549Z",
    "user": "27e54a1a-7ee0-4bc1-9200-8b92574dc21d",
    "content_type": 8,
    "object_id": "9c2fa151-31b9-4507-ad25-42bc6bcda65f",
    "object_repr": "Essai de pétition publiée 54848541",
    "action_flag": 3,
    "change_message": ""
  }
},
{
  "model": "admin.logentry",
  "pk": 15,
  "fields": {
    "action_time": "2021-08-11T19:41:32.912Z",
    "user": "27e54a1a-7ee0-4bc1-9200-8b92574dc21d",
    "content_type": 8,
    "object_id": "715b0008-bc33-461e-a76f-54d080dcfda8",
    "object_repr": "grfzedazsxqw",
    "action_flag": 3,
    "change_message": ""
  }
},
{
  "model": "admin.logentry",
  "pk": 16,
  "fields": {
    "action_time": "2021-08-11T19:41:32.914Z",
    "user": "27e54a1a-7ee0-4bc1-9200-8b92574dc21d",
    "content_type": 8,
    "object_id": "16dc137e-c878-45fc-823c-e93f27bb2150",
    "object_repr": "k;jy,gfnrdvs",
    "action_flag": 3,
    "change_message": ""
  }
},
{
  "model": "admin.logentry",
  "pk": 17,
  "fields": {
    "action_time": "2021-08-11T19:41:45.181Z",
    "user": "27e54a1a-7ee0-4bc1-9200-8b92574dc21d",
    "content_type": 8,
    "object_id": "8417db42-05a1-4988-95c0-aa010cd0ca53",
    "object_repr": "Essai de conseil",
    "action_flag": 3,
    "change_message": ""
  }
},
{
  "model": "admin.logentry",
  "pk": 18,
  "fields": {
    "action_time": "2021-08-11T19:41:45.183Z",
    "user": "27e54a1a-7ee0-4bc1-9200-8b92574dc21d",
    "content_type": 8,
    "object_id": "819b20cc-fd05-41bd-bbf3-0e9353452b94",
    "object_repr": "Essai de conseil 2",
    "action_flag": 3,
    "change_message": ""
  }
},
{
  "model": "admin.logentry",
  "pk": 19,
  "fields": {
    "action_time": "2021-08-11T19:41:45.184Z",
    "user": "27e54a1a-7ee0-4bc1-9200-8b92574dc21d",
    "content_type": 8,
    "object_id": "70ad48bf-5c5d-47dc-b4ce-988f455fb468",
    "object_repr": "Essai de consultation",
    "action_flag": 3,
    "change_message": ""
  }
},
{
  "model": "admin.logentry",
  "pk": 20,
  "fields": {
    "action_time": "2021-08-11T19:41:45.185Z",
    "user": "27e54a1a-7ee0-4bc1-9200-8b92574dc21d",
    "content_type": 8,
    "object_id": "6abdc93b-0027-405b-be25-506e0e78cec4",
    "object_repr": "Essai de pétition non publiée",
    "action_flag": 3,
    "change_message": ""
  }
},
{
  "model": "admin.logentry",
  "pk": 21,
  "fields": {
    "action_time": "2021-08-11T19:41:45.185Z",
    "user": "27e54a1a-7ee0-4bc1-9200-8b92574dc21d",
    "content_type": 8,
    "object_id": "4354945c-9d34-45b5-ae9d-3e3c83d90a6b",
    "object_repr": "Essai de conseil non publié avec 2 questions",
    "action_flag": 3,
    "change_message": ""
  }
},
{
  "model": "admin.logentry",
  "pk": 22,
  "fields": {
    "action_time": "2021-08-11T19:41:45.186Z",
    "user": "27e54a1a-7ee0-4bc1-9200-8b92574dc21d",
    "content_type": 8,
    "object_id": "2e939fc9-d30a-4293-a555-19b9d08c1ca0",
    "object_repr": "Essai de consultation",
    "action_flag": 3,
    "change_message": ""
  }
},
{
  "model": "admin.logentry",
  "pk": 23,
  "fields": {
    "action_time": "2021-08-11T19:44:25.874Z",
    "user": "27e54a1a-7ee0-4bc1-9200-8b92574dc21d",
    "content_type": 8,
    "object_id": "dfecfd3a-b860-4245-b22f-476d45e5aca3",
    "object_repr": "oliukyjtg",
    "action_flag": 3,
    "change_message": ""
  }
},
{
  "model": "admin.logentry",
  "pk": 24,
  "fields": {
    "action_time": "2021-08-11T19:44:29.953Z",
    "user": "27e54a1a-7ee0-4bc1-9200-8b92574dc21d",
    "content_type": 8,
    "object_id": "92366189-2cf4-48c1-90b0-e807d9c53b2d",
    "object_repr": "Essai de conseil publié avec 2 questions",
    "action_flag": 3,
    "change_message": ""
  }
},
{
  "model": "admin.logentry",
  "pk": 25,
  "fields": {
    "action_time": "2021-08-11T19:45:58.472Z",
    "user": "27e54a1a-7ee0-4bc1-9200-8b92574dc21d",
    "content_type": 8,
    "object_id": "dbc0a10f-421a-4a57-838e-1274f6bf3aa8",
    "object_repr": "Essai de conseil publié avec 2 questions",
    "action_flag": 3,
    "change_message": ""
  }
},
{
  "model": "admin.logentry",
  "pk": 26,
  "fields": {
    "action_time": "2021-08-11T19:49:32.354Z",
    "user": "27e54a1a-7ee0-4bc1-9200-8b92574dc21d",
    "content_type": 8,
    "object_id": "b1867da4-06e5-4e4b-957a-adda3a9e4baf",
    "object_repr": "Essai de conseil publié avec 2 questions",
    "action_flag": 3,
    "change_message": ""
  }
},
{
  "model": "admin.logentry",
  "pk": 27,
  "fields": {
    "action_time": "2021-08-11T19:58:39.994Z",
    "user": "27e54a1a-7ee0-4bc1-9200-8b92574dc21d",
    "content_type": 8,
    "object_id": "d1f21805-1a82-4e04-9f1a-51b8d8566b6f",
    "object_repr": "Essai de conseil publié avec 2 questions",
    "action_flag": 3,
    "change_message": ""
  }
},
{
  "model": "admin.logentry",
  "pk": 28,
  "fields": {
    "action_time": "2021-08-11T19:58:39.996Z",
    "user": "27e54a1a-7ee0-4bc1-9200-8b92574dc21d",
    "content_type": 8,
    "object_id": "bd5da7d8-44e2-402d-9af1-29d0587c9525",
    "object_repr": "ikujyhg",
    "action_flag": 3,
    "change_message": ""
  }
},
{
  "model": "admin.logentry",
  "pk": 29,
  "fields": {
    "action_time": "2021-08-11T19:58:39.996Z",
    "user": "27e54a1a-7ee0-4bc1-9200-8b92574dc21d",
    "content_type": 8,
    "object_id": "985fc9f8-b76a-4694-98ff-607d99e2c4ad",
    "object_repr": "Essai de conseil publié avec 2 questions",
    "action_flag": 3,
    "change_message": ""
  }
},
{
  "model": "admin.logentry",
  "pk": 30,
  "fields": {
    "action_time": "2021-08-11T19:58:39.997Z",
    "user": "27e54a1a-7ee0-4bc1-9200-8b92574dc21d",
    "content_type": 8,
    "object_id": "59564bde-be3b-4d11-b92c-c68e70a6540d",
    "object_repr": "Essai de consultation publiée avec 2 questions",
    "action_flag": 3,
    "change_message": ""
  }
},
{
  "model": "admin.logentry",
  "pk": 31,
  "fields": {
    "action_time": "2021-08-11T19:58:39.998Z",
    "user": "27e54a1a-7ee0-4bc1-9200-8b92574dc21d",
    "content_type": 8,
    "object_id": "2c380065-c348-4c78-a828-6fb6573b3851",
    "object_repr": "likujyhgtrf",
    "action_flag": 3,
    "change_message": ""
  }
},
{
  "model": "admin.logentry",
  "pk": 32,
  "fields": {
    "action_time": "2021-08-11T20:06:24.893Z",
    "user": "27e54a1a-7ee0-4bc1-9200-8b92574dc21d",
    "content_type": 8,
    "object_id": "6558b9a4-4658-4b0c-ad59-8701b49a2b88",
    "object_repr": "Essai de consultation",
    "action_flag": 3,
    "change_message": ""
  }
},
{
  "model": "admin.logentry",
  "pk": 33,
  "fields": {
    "action_time": "2021-08-11T20:06:24.895Z",
    "user": "27e54a1a-7ee0-4bc1-9200-8b92574dc21d",
    "content_type": 8,
    "object_id": "56b2870e-780e-4df6-965c-e66cf21e0ceb",
    "object_repr": "Essai de conseil publié avec 2 questions",
    "action_flag": 3,
    "change_message": ""
  }
},
{
  "model": "admin.logentry",
  "pk": 34,
  "fields": {
    "action_time": "2021-08-11T20:06:24.896Z",
    "user": "27e54a1a-7ee0-4bc1-9200-8b92574dc21d",
    "content_type": 8,
    "object_id": "01e3799b-78d2-4e25-b333-f4de9b5fc1b5",
    "object_repr": "Essai de conseil publié avec 2 questions",
    "action_flag": 3,
    "change_message": ""
  }
},
{
  "model": "admin.logentry",
  "pk": 35,
  "fields": {
    "action_time": "2021-08-11T20:08:09.669Z",
    "user": "27e54a1a-7ee0-4bc1-9200-8b92574dc21d",
    "content_type": 8,
    "object_id": "dd1c34b9-d4af-417c-bf22-2af71bbeb66b",
    "object_repr": "Essai de conseil publié avec 2 questions",
    "action_flag": 3,
    "change_message": ""
  }
},
{
  "model": "admin.logentry",
  "pk": 36,
  "fields": {
    "action_time": "2021-08-11T20:08:56.491Z",
    "user": "27e54a1a-7ee0-4bc1-9200-8b92574dc21d",
    "content_type": 8,
    "object_id": "9f4ba2c7-6587-44c5-9fe9-4e38514de4dc",
    "object_repr": "Essai de conseil publié avec 2 questions",
    "action_flag": 3,
    "change_message": ""
  }
},
{
  "model": "admin.logentry",
  "pk": 37,
  "fields": {
    "action_time": "2021-08-11T20:11:15.843Z",
    "user": "27e54a1a-7ee0-4bc1-9200-8b92574dc21d",
    "content_type": 8,
    "object_id": "cd0b52df-ac02-4cb0-97ae-f81489c5b6d1",
    "object_repr": "Essai de conseil publié avec 2 questions",
    "action_flag": 3,
    "change_message": ""
  }
},
{
  "model": "admin.logentry",
  "pk": 38,
  "fields": {
    "action_time": "2021-08-11T20:11:32.796Z",
    "user": "27e54a1a-7ee0-4bc1-9200-8b92574dc21d",
    "content_type": 8,
    "object_id": "76c90afb-15be-459b-be95-d0ad62a0e9cd",
    "object_repr": "Essai de conseil publié avec 2 questions",
    "action_flag": 3,
    "change_message": ""
  }
},
{
  "model": "admin.logentry",
  "pk": 39,
  "fields": {
    "action_time": "2021-08-11T20:21:20.413Z",
    "user": "27e54a1a-7ee0-4bc1-9200-8b92574dc21d",
    "content_type": 8,
    "object_id": "91a57d45-851d-47f6-8c28-e57f31c2a308",
    "object_repr": "Conseil publié sans question",
    "action_flag": 3,
    "change_message": ""
  }
},
{
  "model": "admin.logentry",
  "pk": 40,
  "fields": {
    "action_time": "2021-08-11T20:21:20.415Z",
    "user": "27e54a1a-7ee0-4bc1-9200-8b92574dc21d",
    "content_type": 8,
    "object_id": "63b2979b-2366-4ce4-9cdd-7d5a8b3fe52d",
    "object_repr": "conseil publié avec une question libre",
    "action_flag": 3,
    "change_message": ""
  }
},
{
  "model": "admin.logentry",
  "pk": 41,
  "fields": {
    "action_time": "2021-08-11T20:21:20.416Z",
    "user": "27e54a1a-7ee0-4bc1-9200-8b92574dc21d",
    "content_type": 8,
    "object_id": "65736a70-6fa8-4b6d-8fca-1402f3d325e9",
    "object_repr": "conseil publié avec une question QCM 7 réponses",
    "action_flag": 3,
    "change_message": ""
  }
},
{
  "model": "admin.logentry",
  "pk": 42,
  "fields": {
    "action_time": "2021-08-11T20:21:20.416Z",
    "user": "27e54a1a-7ee0-4bc1-9200-8b92574dc21d",
    "content_type": 8,
    "object_id": "fd842b4b-84b5-4aec-b1fe-c2cca6eddff4",
    "object_repr": "conseil non publié avec une question libre",
    "action_flag": 3,
    "change_message": ""
  }
},
{
  "model": "admin.logentry",
  "pk": 43,
  "fields": {
    "action_time": "2021-08-11T20:21:20.417Z",
    "user": "27e54a1a-7ee0-4bc1-9200-8b92574dc21d",
    "content_type": 8,
    "object_id": "94b0fded-50f3-458b-a80f-ee900712dbf9",
    "object_repr": "conseil non publié avec 2 questions de chaque et 4 réponses",
    "action_flag": 3,
    "change_message": ""
  }
},
{
  "model": "admin.logentry",
  "pk": 44,
  "fields": {
    "action_time": "2021-08-11T20:21:20.418Z",
    "user": "27e54a1a-7ee0-4bc1-9200-8b92574dc21d",
    "content_type": 8,
    "object_id": "426630d1-fc85-43bb-8d6d-fe5c40198499",
    "object_repr": "conseil non publié avec une question QCM 5 réponses",
    "action_flag": 3,
    "change_message": ""
  }
},
{
  "model": "admin.logentry",
  "pk": 45,
  "fields": {
    "action_time": "2021-08-11T20:21:20.419Z",
    "user": "27e54a1a-7ee0-4bc1-9200-8b92574dc21d",
    "content_type": 8,
    "object_id": "18992d10-9a75-4454-aff7-ea842e375e3b",
    "object_repr": "Conseil non publié sans question",
    "action_flag": 3,
    "change_message": ""
  }
},
{
  "model": "admin.logentry",
  "pk": 46,
  "fields": {
    "action_time": "2021-08-11T20:21:24.231Z",
    "user": "27e54a1a-7ee0-4bc1-9200-8b92574dc21d",
    "content_type": 8,
    "object_id": "2678e703-38af-4168-ae0e-ca335583c859",
    "object_repr": "conseil publié avec 2 questions et 5 réponses",
    "action_flag": 3,
    "change_message": ""
  }
},
{
  "model": "admin.logentry",
  "pk": 47,
  "fields": {
    "action_time": "2021-08-11T20:24:58.947Z",
    "user": "27e54a1a-7ee0-4bc1-9200-8b92574dc21d",
    "content_type": 8,
    "object_id": "49f1bd04-758a-4d98-99f3-87aa03db9304",
    "object_repr": "non publié 1 qu QCM 7 réponses",
    "action_flag": 3,
    "change_message": ""
  }
},
{
  "model": "admin.logentry",
  "pk": 48,
  "fields": {
    "action_time": "2021-08-11T20:26:31.027Z",
    "user": "27e54a1a-7ee0-4bc1-9200-8b92574dc21d",
    "content_type": 8,
    "object_id": "1ccdcde8-7868-49de-8bad-6ae82649e798",
    "object_repr": "non publié 1 qu QCM 7 réponses",
    "action_flag": 3,
    "change_message": ""
  }
},
{
  "model": "admin.logentry",
  "pk": 49,
  "fields": {
    "action_time": "2021-08-11T20:30:25.716Z",
    "user": "27e54a1a-7ee0-4bc1-9200-8b92574dc21d",
    "content_type": 8,
    "object_id": "fd52fe76-2765-4423-bce5-908e6a79cd6e",
    "object_repr": "non publié 2 questions 1 qcm 7 réponses et 1 libre",
    "action_flag": 3,
    "change_message": ""
  }
},
{
  "model": "admin.logentry",
  "pk": 50,
  "fields": {
    "action_time": "2021-08-11T20:35:03.789Z",
    "user": "27e54a1a-7ee0-4bc1-9200-8b92574dc21d",
    "content_type": 8,
    "object_id": "d8f9b351-f854-4f69-8597-5cb99d1d3b37",
    "object_repr": "AZD",
    "action_flag": 3,
    "change_message": ""
  }
},
{
  "model": "admin.logentry",
  "pk": 51,
  "fields": {
    "action_time": "2021-08-11T20:35:03.792Z",
    "user": "27e54a1a-7ee0-4bc1-9200-8b92574dc21d",
    "content_type": 8,
    "object_id": "899125f0-89df-4810-9852-e0e092d3c7fe",
    "object_repr": "dazd",
    "action_flag": 3,
    "change_message": ""
  }
},
{
  "model": "admin.logentry",
  "pk": 52,
  "fields": {
    "action_time": "2021-08-11T20:35:03.792Z",
    "user": "27e54a1a-7ee0-4bc1-9200-8b92574dc21d",
    "content_type": 8,
    "object_id": "00f3b6ff-0659-4821-8bbc-4e9b9f22d488",
    "object_repr": "non publié 2 questions 1 qcm 7 réponses et 1 libre",
    "action_flag": 3,
    "change_message": ""
  }
},
{
  "model": "admin.logentry",
  "pk": 53,
  "fields": {
    "action_time": "2021-08-11T20:55:58.228Z",
    "user": "27e54a1a-7ee0-4bc1-9200-8b92574dc21d",
    "content_type": 8,
    "object_id": "d8db07c3-0d2c-49dd-8245-017c43eef5c8",
    "object_repr": "non publié 3 question 1 qcm 10 rep au milieu",
    "action_flag": 3,
    "change_message": ""
  }
},
{
  "model": "admin.logentry",
  "pk": 54,
  "fields": {
    "action_time": "2021-08-11T21:00:41.625Z",
    "user": "27e54a1a-7ee0-4bc1-9200-8b92574dc21d",
    "content_type": 8,
    "object_id": "5ff2813d-12d2-448f-8dd4-e91396f002d0",
    "object_repr": "publié 0 question",
    "action_flag": 3,
    "change_message": ""
  }
},
{
  "model": "admin.logentry",
  "pk": 55,
  "fields": {
    "action_time": "2021-08-11T21:00:41.627Z",
    "user": "27e54a1a-7ee0-4bc1-9200-8b92574dc21d",
    "content_type": 8,
    "object_id": "d4ae58ce-5eee-4da8-8121-05b045d5933c",
    "object_repr": "publié 1 question libre",
    "action_flag": 3,
    "change_message": ""
  }
},
{
  "model": "admin.logentry",
  "pk": 56,
  "fields": {
    "action_time": "2021-08-11T21:00:41.628Z",
    "user": "27e54a1a-7ee0-4bc1-9200-8b92574dc21d",
    "content_type": 8,
    "object_id": "7f167f6b-98a3-48f4-988f-89af211d945f",
    "object_repr": "publié 1 qu QCM 7 réponses",
    "action_flag": 3,
    "change_message": ""
  }
},
{
  "model": "admin.logentry",
  "pk": 57,
  "fields": {
    "action_time": "2021-08-11T21:00:41.628Z",
    "user": "27e54a1a-7ee0-4bc1-9200-8b92574dc21d",
    "content_type": 8,
    "object_id": "a8f0891d-5c5f-41c0-b7cb-2566536b5d1c",
    "object_repr": "zefd",
    "action_flag": 3,
    "change_message": ""
  }
},
{
  "model": "admin.logentry",
  "pk": 58,
  "fields": {
    "action_time": "2021-08-11T21:00:41.629Z",
    "user": "27e54a1a-7ee0-4bc1-9200-8b92574dc21d",
    "content_type": 8,
    "object_id": "e943b3b1-c5b1-466d-94c3-5e8472969ece",
    "object_repr": "essai qcm d'abord puis libre 5 réponses",
    "action_flag": 3,
    "change_message": ""
  }
},
{
  "model": "admin.logentry",
  "pk": 59,
  "fields": {
    "action_time": "2021-08-11T21:00:41.630Z",
    "user": "27e54a1a-7ee0-4bc1-9200-8b92574dc21d",
    "content_type": 8,
    "object_id": "65cd4b73-0c08-45c8-96c1-4378fc4a8614",
    "object_repr": "conseil 2 questions qcm 5 rep premier libre",
    "action_flag": 3,
    "change_message": ""
  }
},
{
  "model": "admin.logentry",
  "pk": 60,
  "fields": {
    "action_time": "2021-08-11T21:00:41.631Z",
    "user": "27e54a1a-7ee0-4bc1-9200-8b92574dc21d",
    "content_type": 8,
    "object_id": "65b91e47-9b7c-412d-abcf-f48a37c1b200",
    "object_repr": "non publié 1 qu QCM 7 réponses",
    "action_flag": 3,
    "change_message": ""
  }
},
{
  "model": "admin.logentry",
  "pk": 61,
  "fields": {
    "action_time": "2021-08-11T21:00:41.632Z",
    "user": "27e54a1a-7ee0-4bc1-9200-8b92574dc21d",
    "content_type": 8,
    "object_id": "63f0838a-29fc-4fb9-a82e-6fa9559b52f8",
    "object_repr": "non publié 1 question libr",
    "action_flag": 3,
    "change_message": ""
  }
},
{
  "model": "admin.logentry",
  "pk": 62,
  "fields": {
    "action_time": "2021-08-11T21:00:41.633Z",
    "user": "27e54a1a-7ee0-4bc1-9200-8b92574dc21d",
    "content_type": 8,
    "object_id": "13094026-e732-4206-ade3-8b1c23812833",
    "object_repr": "non publié 0 question",
    "action_flag": 3,
    "change_message": ""
  }
},
{
  "model": "admin.logentry",
  "pk": 63,
  "fields": {
    "action_time": "2021-08-11T21:00:41.634Z",
    "user": "27e54a1a-7ee0-4bc1-9200-8b92574dc21d",
    "content_type": 8,
    "object_id": "1024c7b4-ca52-471f-885d-c92f088f13e4",
    "object_repr": "non publié 3 questions 1 qcm 10 rep au milieu",
    "action_flag": 3,
    "change_message": ""
  }
},
{
  "model": "admin.logentry",
  "pk": 64,
  "fields": {
    "action_time": "2021-08-11T21:00:41.634Z",
    "user": "27e54a1a-7ee0-4bc1-9200-8b92574dc21d",
    "content_type": 8,
    "object_id": "0cca8f9d-530e-44a5-b72f-16afff22b05f",
    "object_repr": "AZDZADAAZDAZ",
    "action_flag": 3,
    "change_message": ""
  }
},
{
  "model": "admin.logentry",
  "pk": 65,
  "fields": {
    "action_time": "2021-08-11T21:01:48.297Z",
    "user": "27e54a1a-7ee0-4bc1-9200-8b92574dc21d",
    "content_type": 8,
    "object_id": "9b909d0d-52de-4b5a-b673-6472b56b1680",
    "object_repr": "publié 3 questions 1 qcm 10 rep au milieu",
    "action_flag": 3,
    "change_message": ""
  }
},
{
  "model": "admin.logentry",
  "pk": 66,
  "fields": {
    "action_time": "2021-08-11T21:01:48.300Z",
    "user": "27e54a1a-7ee0-4bc1-9200-8b92574dc21d",
    "content_type": 8,
    "object_id": "7c16c60f-ebaf-4fa6-85ee-50f22469953c",
    "object_repr": "non publié 3 questions 1 qcm 10 rep au milieu",
    "action_flag": 3,
    "change_message": ""
  }
},
{
  "model": "admin.logentry",
  "pk": 67,
  "fields": {
    "action_time": "2021-08-11T21:04:16.823Z",
    "user": "27e54a1a-7ee0-4bc1-9200-8b92574dc21d",
    "content_type": 8,
    "object_id": "c25753fb-1781-4893-bcf7-8d3363f6a49c",
    "object_repr": "azdzad",
    "action_flag": 3,
    "change_message": ""
  }
},
{
  "model": "admin.logentry",
  "pk": 68,
  "fields": {
    "action_time": "2021-08-11T21:04:16.825Z",
    "user": "27e54a1a-7ee0-4bc1-9200-8b92574dc21d",
    "content_type": 8,
    "object_id": "88e10ac1-c498-414d-aa3a-85f89d674fe1",
    "object_repr": "essai 3 qu 1 qcm 10rep au milieu",
    "action_flag": 3,
    "change_message": ""
  }
},
{
  "model": "admin.logentry",
  "pk": 69,
  "fields": {
    "action_time": "2021-08-11T21:07:09.735Z",
    "user": "27e54a1a-7ee0-4bc1-9200-8b92574dc21d",
    "content_type": 8,
    "object_id": "9eca6aa8-eea0-4c25-8512-cf3e74710767",
    "object_repr": "publié 3 questions 1 qcm 10 rep au milieu",
    "action_flag": 3,
    "change_message": ""
  }
},
{
  "model": "admin.logentry",
  "pk": 70,
  "fields": {
    "action_time": "2021-08-11T21:09:13.378Z",
    "user": "27e54a1a-7ee0-4bc1-9200-8b92574dc21d",
    "content_type": 8,
    "object_id": "eef18bac-9074-4b84-9056-0a37dd204b6f",
    "object_repr": "publié 4 questions qcm10 libre qcm10 libre",
    "action_flag": 3,
    "change_message": ""
  }
},
{
  "model": "admin.logentry",
  "pk": 71,
  "fields": {
    "action_time": "2021-08-11T21:09:13.380Z",
    "user": "27e54a1a-7ee0-4bc1-9200-8b92574dc21d",
    "content_type": 8,
    "object_id": "9ee34239-fe06-4dbc-aac6-e8a963509dd6",
    "object_repr": "qdazd",
    "action_flag": 3,
    "change_message": ""
  }
},
{
  "model": "admin.logentry",
  "pk": 72,
  "fields": {
    "action_time": "2021-08-12T08:46:36.623Z",
    "user": "27e54a1a-7ee0-4bc1-9200-8b92574dc21d",
    "content_type": 8,
    "object_id": "fabc6b2f-78f5-46cd-93df-32260ebb5fb5",
    "object_repr": "esasasas",
    "action_flag": 3,
    "change_message": ""
  }
},
{
  "model": "admin.logentry",
  "pk": 73,
  "fields": {
    "action_time": "2021-08-12T09:09:43.450Z",
    "user": "27e54a1a-7ee0-4bc1-9200-8b92574dc21d",
    "content_type": 8,
    "object_id": "af4cc7d6-f1e4-478b-b3ab-221ab7416608",
    "object_repr": "ikujyhgtrf",
    "action_flag": 3,
    "change_message": ""
  }
},
{
  "model": "admin.logentry",
  "pk": 74,
  "fields": {
    "action_time": "2021-08-12T09:09:43.452Z",
    "user": "27e54a1a-7ee0-4bc1-9200-8b92574dc21d",
    "content_type": 8,
    "object_id": "fc650351-61fe-4295-9566-4ffabe32235d",
    "object_repr": "grfed",
    "action_flag": 3,
    "change_message": ""
  }
},
{
  "model": "admin.logentry",
  "pk": 75,
  "fields": {
    "action_time": "2021-08-12T09:09:43.453Z",
    "user": "27e54a1a-7ee0-4bc1-9200-8b92574dc21d",
    "content_type": 8,
    "object_id": "fa0d67c7-ff8f-4482-9c6a-93efbbdaa2f4",
    "object_repr": "rgzfed",
    "action_flag": 3,
    "change_message": ""
  }
},
{
  "model": "admin.logentry",
  "pk": 76,
  "fields": {
    "action_time": "2021-08-12T09:09:43.453Z",
    "user": "27e54a1a-7ee0-4bc1-9200-8b92574dc21d",
    "content_type": 8,
    "object_id": "ef8ee401-7207-45e4-b818-ded917c146d7",
    "object_repr": "dazdz",
    "action_flag": 3,
    "change_message": ""
  }
},
{
  "model": "admin.logentry",
  "pk": 77,
  "fields": {
    "action_time": "2021-08-12T09:09:43.454Z",
    "user": "27e54a1a-7ee0-4bc1-9200-8b92574dc21d",
    "content_type": 8,
    "object_id": "c23e3938-9a60-458b-9d72-d1c0e0b003d7",
    "object_repr": "pço_kiuèjy-h",
    "action_flag": 3,
    "change_message": ""
  }
},
{
  "model": "admin.logentry",
  "pk": 78,
  "fields": {
    "action_time": "2021-08-12T09:09:43.455Z",
    "user": "27e54a1a-7ee0-4bc1-9200-8b92574dc21d",
    "content_type": 8,
    "object_id": "9ca2a534-91c0-4ca4-88e4-6d34e806aefd",
    "object_repr": "(hygrtf",
    "action_flag": 3,
    "change_message": ""
  }
},
{
  "model": "admin.logentry",
  "pk": 79,
  "fields": {
    "action_time": "2021-08-12T09:09:43.455Z",
    "user": "27e54a1a-7ee0-4bc1-9200-8b92574dc21d",
    "content_type": 8,
    "object_id": "94399765-1cf7-42db-81bb-f95a14c3016a",
    "object_repr": "dazdazd",
    "action_flag": 3,
    "change_message": ""
  }
},
{
  "model": "admin.logentry",
  "pk": 80,
  "fields": {
    "action_time": "2021-08-12T09:09:43.456Z",
    "user": "27e54a1a-7ee0-4bc1-9200-8b92574dc21d",
    "content_type": 8,
    "object_id": "77804427-0c1f-4bbf-950a-3c6628d8cd93",
    "object_repr": "fdaz",
    "action_flag": 3,
    "change_message": ""
  }
},
{
  "model": "admin.logentry",
  "pk": 81,
  "fields": {
    "action_time": "2021-08-12T09:09:43.457Z",
    "user": "27e54a1a-7ee0-4bc1-9200-8b92574dc21d",
    "content_type": 8,
    "object_id": "5d75a907-1e41-4301-949d-94d82693d1b8",
    "object_repr": "zadzad",
    "action_flag": 3,
    "change_message": ""
  }
},
{
  "model": "admin.logentry",
  "pk": 82,
  "fields": {
    "action_time": "2021-08-12T09:09:43.457Z",
    "user": "27e54a1a-7ee0-4bc1-9200-8b92574dc21d",
    "content_type": 8,
    "object_id": "4ddd9893-1ea0-4731-a357-60aff2e0b869",
    "object_repr": "azdazd",
    "action_flag": 3,
    "change_message": ""
  }
},
{
  "model": "admin.logentry",
  "pk": 83,
  "fields": {
    "action_time": "2021-08-12T09:09:43.458Z",
    "user": "27e54a1a-7ee0-4bc1-9200-8b92574dc21d",
    "content_type": 8,
    "object_id": "3f7ef2c6-3a8a-4caa-96c5-cc66bc8eea32",
    "object_repr": "Essai de conseil publié avec 2 questions",
    "action_flag": 3,
    "change_message": ""
  }
},
{
  "model": "admin.logentry",
  "pk": 84,
  "fields": {
    "action_time": "2021-08-12T09:09:43.459Z",
    "user": "27e54a1a-7ee0-4bc1-9200-8b92574dc21d",
    "content_type": 8,
    "object_id": "14307b20-5eb4-47fc-bdd4-6cd48ec0eeee",
    "object_repr": "jyhgtrfe",
    "action_flag": 3,
    "change_message": ""
  }
},
{
  "model": "admin.logentry",
  "pk": 85,
  "fields": {
    "action_time": "2021-08-12T09:09:43.459Z",
    "user": "27e54a1a-7ee0-4bc1-9200-8b92574dc21d",
    "content_type": 8,
    "object_id": "0730f641-050d-4ee2-bb81-8210035cd0fb",
    "object_repr": "azdazd",
    "action_flag": 3,
    "change_message": ""
  }
},
{
  "model": "admin.logentry",
  "pk": 86,
  "fields": {
    "action_time": "2021-08-12T09:31:53.392Z",
    "user": "27e54a1a-7ee0-4bc1-9200-8b92574dc21d",
    "content_type": 8,
    "object_id": "da18e01d-0b42-4843-9dab-bfbf2236072c",
    "object_repr": "grfedz",
    "action_flag": 3,
    "change_message": ""
  }
},
{
  "model": "admin.logentry",
  "pk": 87,
  "fields": {
    "action_time": "2021-08-12T09:31:53.395Z",
    "user": "27e54a1a-7ee0-4bc1-9200-8b92574dc21d",
    "content_type": 8,
    "object_id": "bf19dd64-4102-4af6-85e6-a5f1b8846445",
    "object_repr": "oikujyhgrfd",
    "action_flag": 3,
    "change_message": ""
  }
},
{
  "model": "admin.logentry",
  "pk": 88,
  "fields": {
    "action_time": "2021-08-12T09:31:53.396Z",
    "user": "27e54a1a-7ee0-4bc1-9200-8b92574dc21d",
    "content_type": 8,
    "object_id": "9270f9f1-6bef-4ba5-82ef-ee37d294e6e5",
    "object_repr": "GRFED",
    "action_flag": 3,
    "change_message": ""
  }
},
{
  "model": "admin.logentry",
  "pk": 89,
  "fields": {
    "action_time": "2021-08-12T09:31:53.396Z",
    "user": "27e54a1a-7ee0-4bc1-9200-8b92574dc21d",
    "content_type": 8,
    "object_id": "84cec49a-a727-4ad8-98c3-5e5ee819a4b4",
    "object_repr": "tgerfzed",
    "action_flag": 3,
    "change_message": ""
  }
},
{
  "model": "admin.logentry",
  "pk": 90,
  "fields": {
    "action_time": "2021-08-12T09:31:53.398Z",
    "user": "27e54a1a-7ee0-4bc1-9200-8b92574dc21d",
    "content_type": 8,
    "object_id": "5eba6d28-b192-4208-91c8-086807d56f53",
    "object_repr": "grfedzg",
    "action_flag": 3,
    "change_message": ""
  }
},
{
  "model": "admin.logentry",
  "pk": 91,
  "fields": {
    "action_time": "2021-08-12T09:31:53.398Z",
    "user": "27e54a1a-7ee0-4bc1-9200-8b92574dc21d",
    "content_type": 8,
    "object_id": "2ea694c8-8c7b-400d-ad31-e27527f31ce5",
    "object_repr": "yhgtr(f",
    "action_flag": 3,
    "change_message": ""
  }
},
{
  "model": "admin.logentry",
  "pk": 92,
  "fields": {
    "action_time": "2021-08-12T09:31:53.399Z",
    "user": "27e54a1a-7ee0-4bc1-9200-8b92574dc21d",
    "content_type": 8,
    "object_id": "08d4c4cd-c5ad-4463-b7e9-7c3a9fd88044",
    "object_repr": "ZDAZDZ",
    "action_flag": 3,
    "change_message": ""
  }
},
{
  "model": "admin.logentry",
  "pk": 93,
  "fields": {
    "action_time": "2021-08-12T12:50:22.224Z",
    "user": "27e54a1a-7ee0-4bc1-9200-8b92574dc21d",
    "content_type": 8,
    "object_id": "904f40dc-8612-4f77-a8ff-d0bb81b69012",
    "object_repr": "Essai de conseil avec 2 questions dont 1QCM 10 rep en 1er",
    "action_flag": 3,
    "change_message": ""
  }
},
{
  "model": "admin.logentry",
  "pk": 94,
  "fields": {
    "action_time": "2021-08-12T12:57:01.011Z",
    "user": "27e54a1a-7ee0-4bc1-9200-8b92574dc21d",
    "content_type": 8,
    "object_id": "25aef580-975c-4222-b2dc-e94a6a9c99ac",
    "object_repr": "azdazdazd",
    "action_flag": 3,
    "change_message": ""
  }
},
{
  "model": "admin.logentry",
  "pk": 95,
  "fields": {
    "action_time": "2021-08-12T13:00:00.784Z",
    "user": "27e54a1a-7ee0-4bc1-9200-8b92574dc21d",
    "content_type": 8,
    "object_id": "31f2c620-8ebc-462d-9f7f-86a6d2e22a55",
    "object_repr": "azdazdazd",
    "action_flag": 3,
    "change_message": ""
  }
},
{
  "model": "admin.logentry",
  "pk": 96,
  "fields": {
    "action_time": "2021-08-12T13:02:00.671Z",
    "user": "27e54a1a-7ee0-4bc1-9200-8b92574dc21d",
    "content_type": 8,
    "object_id": "cb3a22ce-3e8c-4b5c-abe2-67953bb1253d",
    "object_repr": "zefzef",
    "action_flag": 3,
    "change_message": ""
  }
},
{
  "model": "admin.logentry",
  "pk": 97,
  "fields": {
    "action_time": "2021-08-12T13:04:03.592Z",
    "user": "27e54a1a-7ee0-4bc1-9200-8b92574dc21d",
    "content_type": 8,
    "object_id": "871deb24-1d15-4d47-91a9-03ac26241714",
    "object_repr": "tregergzerg",
    "action_flag": 3,
    "change_message": ""
  }
},
{
  "model": "admin.logentry",
  "pk": 98,
  "fields": {
    "action_time": "2021-08-12T13:04:03.595Z",
    "user": "27e54a1a-7ee0-4bc1-9200-8b92574dc21d",
    "content_type": 8,
    "object_id": "7bba6266-b4a5-4ca3-9783-be6fbf0643ef",
    "object_repr": "publié sans question",
    "action_flag": 3,
    "change_message": ""
  }
},
{
  "model": "admin.logentry",
  "pk": 99,
  "fields": {
    "action_time": "2021-08-12T13:09:50.408Z",
    "user": "27e54a1a-7ee0-4bc1-9200-8b92574dc21d",
    "content_type": 8,
    "object_id": "10b23781-174e-4db0-99dc-76504d685ac9",
    "object_repr": "pas publié 2 questions 1 QCM 10 rep 1 libre",
    "action_flag": 3,
    "change_message": ""
  }
},
{
  "model": "admin.logentry",
  "pk": 100,
  "fields": {
    "action_time": "2021-08-12T13:12:17.769Z",
    "user": "27e54a1a-7ee0-4bc1-9200-8b92574dc21d",
    "content_type": 8,
    "object_id": "72c70c9b-ac49-4042-8021-2cac5f28fb47",
    "object_repr": "pas publié 3 questions 1 libre 1 QCM 10 rep 1 libre",
    "action_flag": 3,
    "change_message": ""
  }
},
{
  "model": "admin.logentry",
  "pk": 101,
  "fields": {
    "action_time": "2021-08-12T13:13:36.984Z",
    "user": "27e54a1a-7ee0-4bc1-9200-8b92574dc21d",
    "content_type": 8,
    "object_id": "5bb8fc67-c13a-4b13-a319-29e4dc8ca3ec",
    "object_repr": "pas publié 3 que",
    "action_flag": 3,
    "change_message": ""
  }
},
{
  "model": "admin.logentry",
  "pk": 102,
  "fields": {
    "action_time": "2021-08-12T15:02:39.584Z",
    "user": "27e54a1a-7ee0-4bc1-9200-8b92574dc21d",
    "content_type": 8,
    "object_id": "8dc4aae6-0399-4d0f-9d59-790fdaaf565c",
    "object_repr": "essai de consultation non publiée",
    "action_flag": 3,
    "change_message": ""
  }
},
{
  "model": "admin.logentry",
  "pk": 103,
  "fields": {
    "action_time": "2021-08-12T15:07:25.157Z",
    "user": "27e54a1a-7ee0-4bc1-9200-8b92574dc21d",
    "content_type": 8,
    "object_id": "d1b871d0-3116-4981-899d-23d07f10dab9",
    "object_repr": "consultation publiée avec 2 qu",
    "action_flag": 3,
    "change_message": ""
  }
},
{
  "model": "admin.logentry",
  "pk": 104,
  "fields": {
    "action_time": "2021-08-12T15:09:07.293Z",
    "user": "27e54a1a-7ee0-4bc1-9200-8b92574dc21d",
    "content_type": 8,
    "object_id": "996ac917-0bb4-458b-aadd-522c065f944b",
    "object_repr": "non publiée avec questions",
    "action_flag": 3,
    "change_message": ""
  }
},
{
  "model": "admin.logentry",
  "pk": 105,
  "fields": {
    "action_time": "2021-08-12T16:41:05.213Z",
    "user": "27e54a1a-7ee0-4bc1-9200-8b92574dc21d",
    "content_type": 8,
    "object_id": "97eb19be-38b6-4942-9ef0-47a250800b79",
    "object_repr": "dzd",
    "action_flag": 3,
    "change_message": ""
  }
},
{
  "model": "admin.logentry",
  "pk": 106,
  "fields": {
    "action_time": "2021-08-12T17:31:59.636Z",
    "user": "27e54a1a-7ee0-4bc1-9200-8b92574dc21d",
    "content_type": 8,
    "object_id": "460ea649-66b2-4a7e-8bf9-32b8c79dc552",
    "object_repr": "consultation publiée avec 2 qu",
    "action_flag": 3,
    "change_message": ""
  }
},
{
  "model": "admin.logentry",
  "pk": 107,
  "fields": {
    "action_time": "2021-08-12T17:31:59.638Z",
    "user": "27e54a1a-7ee0-4bc1-9200-8b92574dc21d",
    "content_type": 8,
    "object_id": "e4c16e06-73dd-4456-aba4-4f84929aea2b",
    "object_repr": "Consultation publiée avec 1 qu libre 12/12",
    "action_flag": 3,
    "change_message": ""
  }
},
{
  "model": "admin.logentry",
  "pk": 108,
  "fields": {
    "action_time": "2021-08-12T18:43:26.781Z",
    "user": "27e54a1a-7ee0-4bc1-9200-8b92574dc21d",
    "content_type": 8,
    "object_id": "ece2bdf7-badb-4bda-b528-21cf0bff7dec",
    "object_repr": "dazdz",
    "action_flag": 3,
    "change_message": ""
  }
},
{
  "model": "admin.logentry",
  "pk": 109,
  "fields": {
    "action_time": "2021-08-12T18:43:26.783Z",
    "user": "27e54a1a-7ee0-4bc1-9200-8b92574dc21d",
    "content_type": 8,
    "object_id": "a2654e3b-e236-46f7-be4d-9ee260046c7f",
    "object_repr": "efez",
    "action_flag": 3,
    "change_message": ""
  }
},
{
  "model": "admin.logentry",
  "pk": 110,
  "fields": {
    "action_time": "2021-08-12T18:43:26.783Z",
    "user": "27e54a1a-7ee0-4bc1-9200-8b92574dc21d",
    "content_type": 8,
    "object_id": "5cdc3ddc-aaca-452f-85bd-98e1e685589c",
    "object_repr": "azd",
    "action_flag": 3,
    "change_message": ""
  }
},
{
  "model": "admin.logentry",
  "pk": 111,
  "fields": {
    "action_time": "2021-08-12T19:01:26.890Z",
    "user": "27e54a1a-7ee0-4bc1-9200-8b92574dc21d",
    "content_type": 8,
    "object_id": "a4390d48-46fa-484b-b3ac-9c0efab0aef0",
    "object_repr": "azdzadzad",
    "action_flag": 3,
    "change_message": ""
  }
},
{
  "model": "admin.logentry",
  "pk": 112,
  "fields": {
    "action_time": "2021-08-12T19:01:26.892Z",
    "user": "27e54a1a-7ee0-4bc1-9200-8b92574dc21d",
    "content_type": 8,
    "object_id": "727c188f-08fd-4848-9422-7391eee23877",
    "object_repr": "ezdzae",
    "action_flag": 3,
    "change_message": ""
  }
},
{
  "model": "admin.logentry",
  "pk": 113,
  "fields": {
    "action_time": "2021-08-12T20:39:17.155Z",
    "user": "27e54a1a-7ee0-4bc1-9200-8b92574dc21d",
    "content_type": 8,
    "object_id": "b26d227a-b998-4903-8aef-470bd7d87365",
    "object_repr": "zdazd",
    "action_flag": 3,
    "change_message": ""
  }
},
{
  "model": "admin.logentry",
  "pk": 114,
  "fields": {
    "action_time": "2021-08-12T20:39:17.157Z",
    "user": "27e54a1a-7ee0-4bc1-9200-8b92574dc21d",
    "content_type": 8,
    "object_id": "90428c5d-9168-474f-9e8b-ca04c5c07bfa",
    "object_repr": "AZDZAD",
    "action_flag": 3,
    "change_message": ""
  }
},
{
  "model": "admin.logentry",
  "pk": 115,
  "fields": {
    "action_time": "2021-08-12T20:39:17.158Z",
    "user": "27e54a1a-7ee0-4bc1-9200-8b92574dc21d",
    "content_type": 8,
    "object_id": "483e0537-d404-45e7-a974-72d80e44e454",
    "object_repr": "dzadza",
    "action_flag": 3,
    "change_message": ""
  }
},
{
  "model": "admin.logentry",
  "pk": 116,
  "fields": {
    "action_time": "2021-08-12T20:41:47.342Z",
    "user": "27e54a1a-7ee0-4bc1-9200-8b92574dc21d",
    "content_type": 8,
    "object_id": "b832a72a-26e8-4bc4-a1b3-85f5ad51f591",
    "object_repr": "asasazs",
    "action_flag": 3,
    "change_message": ""
  }
},
{
  "model": "admin.logentry",
  "pk": 117,
  "fields": {
    "action_time": "2021-08-12T21:09:22.069Z",
    "user": "27e54a1a-7ee0-4bc1-9200-8b92574dc21d",
    "content_type": 8,
    "object_id": "f981d837-650d-4d0d-98c6-c03132874a8e",
    "object_repr": "zd",
    "action_flag": 3,
    "change_message": ""
  }
},
{
  "model": "admin.logentry",
  "pk": 118,
  "fields": {
    "action_time": "2021-08-12T21:09:22.071Z",
    "user": "27e54a1a-7ee0-4bc1-9200-8b92574dc21d",
    "content_type": 8,
    "object_id": "d578cb29-7ae0-48eb-9573-1868a97d4008",
    "object_repr": "zzasd",
    "action_flag": 3,
    "change_message": ""
  }
},
{
  "model": "admin.logentry",
  "pk": 119,
  "fields": {
    "action_time": "2021-08-12T21:09:22.072Z",
    "user": "27e54a1a-7ee0-4bc1-9200-8b92574dc21d",
    "content_type": 8,
    "object_id": "8ed6b92a-f128-42cb-be56-ebfbb1058029",
    "object_repr": "dzad",
    "action_flag": 3,
    "change_message": ""
  }
},
{
  "model": "admin.logentry",
  "pk": 120,
  "fields": {
    "action_time": "2021-08-12T21:09:22.073Z",
    "user": "27e54a1a-7ee0-4bc1-9200-8b92574dc21d",
    "content_type": 8,
    "object_id": "7b677249-e70c-4cee-97e3-4968a3addc03",
    "object_repr": "azd",
    "action_flag": 3,
    "change_message": ""
  }
},
{
  "model": "admin.logentry",
  "pk": 121,
  "fields": {
    "action_time": "2021-08-12T21:09:22.073Z",
    "user": "27e54a1a-7ee0-4bc1-9200-8b92574dc21d",
    "content_type": 8,
    "object_id": "65f5f41d-8d12-4c2f-b61f-e0ae4678b7ac",
    "object_repr": "azdza",
    "action_flag": 3,
    "change_message": ""
  }
},
{
  "model": "admin.logentry",
  "pk": 122,
  "fields": {
    "action_time": "2021-08-12T21:09:22.074Z",
    "user": "27e54a1a-7ee0-4bc1-9200-8b92574dc21d",
    "content_type": 8,
    "object_id": "4574de97-c444-4ab9-9836-eef39a3b6d4e",
    "object_repr": "dzad",
    "action_flag": 3,
    "change_message": ""
  }
},
{
  "model": "admin.logentry",
  "pk": 123,
  "fields": {
    "action_time": "2021-08-12T21:09:22.075Z",
    "user": "27e54a1a-7ee0-4bc1-9200-8b92574dc21d",
    "content_type": 8,
    "object_id": "3dc6df55-453f-4b80-b770-4cce115dd89e",
    "object_repr": "zad",
    "action_flag": 3,
    "change_message": ""
  }
},
{
  "model": "admin.logentry",
  "pk": 124,
  "fields": {
    "action_time": "2021-08-12T21:09:22.075Z",
    "user": "27e54a1a-7ee0-4bc1-9200-8b92574dc21d",
    "content_type": 8,
    "object_id": "278da086-b32f-42ad-af2b-2414b3e648b0",
    "object_repr": "tegrfe",
    "action_flag": 3,
    "change_message": ""
  }
},
{
  "model": "admin.logentry",
  "pk": 125,
  "fields": {
    "action_time": "2021-08-12T21:09:22.076Z",
    "user": "27e54a1a-7ee0-4bc1-9200-8b92574dc21d",
    "content_type": 8,
    "object_id": "21b1f09e-62a8-4aef-9b85-fb040e1291b9",
    "object_repr": "azd",
    "action_flag": 3,
    "change_message": ""
  }
},
{
  "model": "admin.logentry",
  "pk": 126,
  "fields": {
    "action_time": "2021-08-12T21:29:01.131Z",
    "user": "27e54a1a-7ee0-4bc1-9200-8b92574dc21d",
    "content_type": 8,
    "object_id": "f3bde7b7-f2a2-48a1-bb64-60366a0c3115",
    "object_repr": "azd",
    "action_flag": 3,
    "change_message": ""
  }
},
{
  "model": "admin.logentry",
  "pk": 127,
  "fields": {
    "action_time": "2021-08-12T21:29:01.134Z",
    "user": "27e54a1a-7ee0-4bc1-9200-8b92574dc21d",
    "content_type": 8,
    "object_id": "6a8b4d90-9ee2-43d0-93ae-663aa61a94cc",
    "object_repr": "zdz",
    "action_flag": 3,
    "change_message": ""
  }
},
{
  "model": "admin.logentry",
  "pk": 128,
  "fields": {
    "action_time": "2021-08-12T21:29:01.134Z",
    "user": "27e54a1a-7ee0-4bc1-9200-8b92574dc21d",
    "content_type": 8,
    "object_id": "67a2b538-ea1f-4805-9f8d-2fcc6d43ba56",
    "object_repr": "azdzad",
    "action_flag": 3,
    "change_message": ""
  }
},
{
  "model": "admin.logentry",
  "pk": 129,
  "fields": {
    "action_time": "2021-08-12T21:29:01.135Z",
    "user": "27e54a1a-7ee0-4bc1-9200-8b92574dc21d",
    "content_type": 8,
    "object_id": "5c64ff5e-5b77-48b2-90d9-420830263503",
    "object_repr": "zadzad",
    "action_flag": 3,
    "change_message": ""
  }
},
{
  "model": "admin.logentry",
  "pk": 130,
  "fields": {
    "action_time": "2021-08-12T21:29:01.136Z",
    "user": "27e54a1a-7ee0-4bc1-9200-8b92574dc21d",
    "content_type": 8,
    "object_id": "33279469-ac73-4fb9-a1fa-4ecca8d0e32e",
    "object_repr": "adza",
    "action_flag": 3,
    "change_message": ""
  }
},
{
  "model": "admin.logentry",
  "pk": 131,
  "fields": {
    "action_time": "2021-08-12T21:29:01.136Z",
    "user": "27e54a1a-7ee0-4bc1-9200-8b92574dc21d",
    "content_type": 8,
    "object_id": "297e61b2-008d-47ec-bbd6-d832000492aa",
    "object_repr": "zefezf",
    "action_flag": 3,
    "change_message": ""
  }
},
{
  "model": "admin.logentry",
  "pk": 132,
  "fields": {
    "action_time": "2021-08-12T21:29:01.137Z",
    "user": "27e54a1a-7ee0-4bc1-9200-8b92574dc21d",
    "content_type": 8,
    "object_id": "1cc3819f-8600-4b29-aaf9-7e994fd0ebff",
    "object_repr": "zdza",
    "action_flag": 3,
    "change_message": ""
  }
},
{
  "model": "admin.logentry",
  "pk": 133,
  "fields": {
    "action_time": "2021-08-12T21:29:01.138Z",
    "user": "27e54a1a-7ee0-4bc1-9200-8b92574dc21d",
    "content_type": 8,
    "object_id": "11b5091d-849a-4921-b10f-41793e7f3b54",
    "object_repr": "zdaz",
    "action_flag": 3,
    "change_message": ""
  }
},
{
  "model": "admin.logentry",
  "pk": 134,
  "fields": {
    "action_time": "2021-08-12T21:29:01.139Z",
    "user": "27e54a1a-7ee0-4bc1-9200-8b92574dc21d",
    "content_type": 8,
    "object_id": "0b1d9f7c-d821-41ae-9c86-854ba65e2723",
    "object_repr": "azd",
    "action_flag": 3,
    "change_message": ""
  }
},
{
  "model": "admin.logentry",
  "pk": 135,
  "fields": {
    "action_time": "2021-08-12T21:29:49.466Z",
    "user": "27e54a1a-7ee0-4bc1-9200-8b92574dc21d",
    "content_type": 8,
    "object_id": "50ca9c7d-04a1-4c86-af38-d1c9683eb3b8",
    "object_repr": "zezae",
    "action_flag": 3,
    "change_message": ""
  }
},
{
  "model": "admin.logentry",
  "pk": 136,
  "fields": {
    "action_time": "2021-08-12T21:35:00.130Z",
    "user": "27e54a1a-7ee0-4bc1-9200-8b92574dc21d",
    "content_type": 8,
    "object_id": "fa844b1c-e5d5-4c28-881b-47638ed6f436",
    "object_repr": "azd",
    "action_flag": 3,
    "change_message": ""
  }
},
{
  "model": "admin.logentry",
  "pk": 137,
  "fields": {
    "action_time": "2021-08-12T21:35:00.133Z",
    "user": "27e54a1a-7ee0-4bc1-9200-8b92574dc21d",
    "content_type": 8,
    "object_id": "604d9a94-ad10-45ec-9654-d0562fbc0bfc",
    "object_repr": "azazd",
    "action_flag": 3,
    "change_message": ""
  }
},
{
  "model": "admin.logentry",
  "pk": 138,
  "fields": {
    "action_time": "2021-08-13T09:09:01.358Z",
    "user": "27e54a1a-7ee0-4bc1-9200-8b92574dc21d",
    "content_type": 8,
    "object_id": "c7a61cd6-503d-4c50-a49d-77e704054bfd",
    "object_repr": "zdazd",
    "action_flag": 3,
    "change_message": ""
  }
},
{
  "model": "admin.logentry",
  "pk": 139,
  "fields": {
    "action_time": "2021-08-16T09:44:28.126Z",
    "user": "27e54a1a-7ee0-4bc1-9200-8b92574dc21d",
    "content_type": 8,
    "object_id": "ff9fa0d1-0c7f-430a-b511-1b785e0ae07e",
    "object_repr": "azdaz",
    "action_flag": 3,
    "change_message": ""
  }
},
{
  "model": "admin.logentry",
  "pk": 140,
  "fields": {
    "action_time": "2021-08-16T09:44:28.174Z",
    "user": "27e54a1a-7ee0-4bc1-9200-8b92574dc21d",
    "content_type": 8,
    "object_id": "b7cbb8ad-0687-4d57-a9a0-2fbdf36acda8",
    "object_repr": "zdazd",
    "action_flag": 3,
    "change_message": ""
  }
},
{
  "model": "admin.logentry",
  "pk": 141,
  "fields": {
    "action_time": "2021-08-16T09:44:28.175Z",
    "user": "27e54a1a-7ee0-4bc1-9200-8b92574dc21d",
    "content_type": 8,
    "object_id": "29da58d0-1269-451a-a2f0-5887852b17c4",
    "object_repr": "fefef",
    "action_flag": 3,
    "change_message": ""
  }
},
{
  "model": "admin.logentry",
  "pk": 142,
  "fields": {
    "action_time": "2021-08-16T09:50:40.870Z",
    "user": "27e54a1a-7ee0-4bc1-9200-8b92574dc21d",
    "content_type": 8,
    "object_id": "b07532ce-b2b6-4073-aab3-9a7c573823a7",
    "object_repr": "zdzad",
    "action_flag": 3,
    "change_message": ""
  }
},
{
  "model": "admin.logentry",
  "pk": 143,
  "fields": {
    "action_time": "2021-08-16T09:50:40.899Z",
    "user": "27e54a1a-7ee0-4bc1-9200-8b92574dc21d",
    "content_type": 8,
    "object_id": "a7ff0d37-9af2-4779-ad60-9074c8c1e9e8",
    "object_repr": "azdaz",
    "action_flag": 3,
    "change_message": ""
  }
},
{
  "model": "admin.logentry",
  "pk": 144,
  "fields": {
    "action_time": "2021-08-16T09:50:40.900Z",
    "user": "27e54a1a-7ee0-4bc1-9200-8b92574dc21d",
    "content_type": 8,
    "object_id": "5bfc36e9-e88a-4c72-8f75-aa841e7b067e",
    "object_repr": "adazd",
    "action_flag": 3,
    "change_message": ""
  }
},
{
  "model": "admin.logentry",
  "pk": 145,
  "fields": {
    "action_time": "2021-08-16T10:15:26.865Z",
    "user": "27e54a1a-7ee0-4bc1-9200-8b92574dc21d",
    "content_type": 8,
    "object_id": "cd66d101-944a-4185-b8fd-270ecbeb907f",
    "object_repr": "aqzdaz",
    "action_flag": 3,
    "change_message": ""
  }
},
{
  "model": "admin.logentry",
  "pk": 146,
  "fields": {
    "action_time": "2021-08-16T10:15:26.867Z",
    "user": "27e54a1a-7ee0-4bc1-9200-8b92574dc21d",
    "content_type": 8,
    "object_id": "8080e54a-478b-418f-8311-235880db998d",
    "object_repr": "azaz",
    "action_flag": 3,
    "change_message": ""
  }
},
{
  "model": "admin.logentry",
  "pk": 147,
  "fields": {
    "action_time": "2021-08-16T10:17:03.952Z",
    "user": "27e54a1a-7ee0-4bc1-9200-8b92574dc21d",
    "content_type": 8,
    "object_id": "ccec8600-124d-4475-b6e0-22869c4f715f",
    "object_repr": "grfzedzsq",
    "action_flag": 3,
    "change_message": ""
  }
},
{
  "model": "admin.logentry",
  "pk": 148,
  "fields": {
    "action_time": "2021-08-16T10:17:03.954Z",
    "user": "27e54a1a-7ee0-4bc1-9200-8b92574dc21d",
    "content_type": 8,
    "object_id": "12bf7b60-d357-47d3-863e-18e0a71e58bf",
    "object_repr": "azdazd",
    "action_flag": 3,
    "change_message": ""
  }
},
{
  "model": "admin.logentry",
  "pk": 149,
  "fields": {
    "action_time": "2021-08-16T10:17:09.833Z",
    "user": "27e54a1a-7ee0-4bc1-9200-8b92574dc21d",
    "content_type": 8,
    "object_id": "0fc7575d-dea1-4127-9924-cc59f3397c85",
    "object_repr": "mopliukyjh",
    "action_flag": 3,
    "change_message": ""
  }
},
{
  "model": "admin.logentry",
  "pk": 150,
  "fields": {
    "action_time": "2021-08-18T15:03:15.575Z",
    "user": "27e54a1a-7ee0-4bc1-9200-8b92574dc21d",
    "content_type": 8,
    "object_id": "f8005007-669a-428f-9f22-9d911f93cbb7",
    "object_repr": "Consultation non publiée sans question",
    "action_flag": 3,
    "change_message": ""
  }
},
{
  "model": "admin.logentry",
  "pk": 151,
  "fields": {
    "action_time": "2021-08-18T15:03:15.577Z",
    "user": "27e54a1a-7ee0-4bc1-9200-8b92574dc21d",
    "content_type": 8,
    "object_id": "ef1dfc3c-9172-429c-b06e-8b8717cac217",
    "object_repr": "Essai de consultation 16/08",
    "action_flag": 3,
    "change_message": ""
  }
},
{
  "model": "admin.logentry",
  "pk": 152,
  "fields": {
    "action_time": "2021-08-18T15:03:15.577Z",
    "user": "27e54a1a-7ee0-4bc1-9200-8b92574dc21d",
    "content_type": 8,
    "object_id": "d14cdf38-1da3-438a-844b-6d6d0e97596e",
    "object_repr": "Consultation avec 1 qu QCM 2 réponses",
    "action_flag": 3,
    "change_message": ""
  }
},
{
  "model": "admin.logentry",
  "pk": 153,
  "fields": {
    "action_time": "2021-08-18T15:03:15.578Z",
    "user": "27e54a1a-7ee0-4bc1-9200-8b92574dc21d",
    "content_type": 8,
    "object_id": "5e749615-3c44-4810-a7c2-80d08b0d7c2f",
    "object_repr": "non publié pas de question",
    "action_flag": 3,
    "change_message": ""
  }
},
{
  "model": "admin.logentry",
  "pk": 154,
  "fields": {
    "action_time": "2021-08-18T15:03:15.579Z",
    "user": "27e54a1a-7ee0-4bc1-9200-8b92574dc21d",
    "content_type": 8,
    "object_id": "2751cb20-1aed-4814-a043-7505e7c3481a",
    "object_repr": "azdazd",
    "action_flag": 3,
    "change_message": ""
  }
},
{
  "model": "admin.logentry",
  "pk": 155,
  "fields": {
    "action_time": "2021-08-23T19:01:16.126Z",
    "user": "27e54a1a-7ee0-4bc1-9200-8b92574dc21d",
    "content_type": 8,
    "object_id": "9d76158b-9504-4ab3-95b2-048e6c842c29",
    "object_repr": "publié pas de question",
    "action_flag": 3,
    "change_message": ""
  }
},
{
  "model": "admin.logentry",
  "pk": 156,
  "fields": {
    "action_time": "2021-08-23T19:01:16.152Z",
    "user": "27e54a1a-7ee0-4bc1-9200-8b92574dc21d",
    "content_type": 8,
    "object_id": "444b1346-69e3-45e6-ac4d-abf7d8f72d78",
    "object_repr": "publié 3 questions 1 libre 1 QCM 10 rep 1 libre",
    "action_flag": 3,
    "change_message": ""
  }
},
{
  "model": "admin.logentry",
  "pk": 157,
  "fields": {
    "action_time": "2021-08-23T19:01:37.143Z",
    "user": "27e54a1a-7ee0-4bc1-9200-8b92574dc21d",
    "content_type": 8,
    "object_id": "af71dd23-e1c8-4064-8bd4-94a64f5b1bb7",
    "object_repr": "Pétition publiée",
    "action_flag": 3,
    "change_message": ""
  }
},
{
  "model": "admin.logentry",
  "pk": 158,
  "fields": {
    "action_time": "2021-08-23T19:01:57.755Z",
    "user": "27e54a1a-7ee0-4bc1-9200-8b92574dc21d",
    "content_type": 8,
    "object_id": "f7c142ca-cc7a-4fee-9185-35610b58632d",
    "object_repr": "Consultation publiée avec 1 qu libre 12/12",
    "action_flag": 3,
    "change_message": ""
  }
},
{
  "model": "admin.logentry",
  "pk": 159,
  "fields": {
    "action_time": "2021-08-24T21:50:05.591Z",
    "user": "27e54a1a-7ee0-4bc1-9200-8b92574dc21d",
    "content_type": 8,
    "object_id": "882bdab1-5d5b-4e28-b9fb-64396ab01c9f",
    "object_repr": "Brouillon de conseil",
    "action_flag": 3,
    "change_message": ""
  }
},
{
  "model": "admin.logentry",
  "pk": 160,
  "fields": {
    "action_time": "2021-08-28T21:48:49.811Z",
    "user": "27e54a1a-7ee0-4bc1-9200-8b92574dc21d",
    "content_type": 14,
    "object_id": "b51459f8-2b94-4957-a8b3-138a2353ed8c",
    "object_repr": "UserAnswer object (b51459f8-2b94-4957-a8b3-138a2353ed8c)",
    "action_flag": 3,
    "change_message": ""
  }
},
{
  "model": "admin.logentry",
  "pk": 161,
  "fields": {
    "action_time": "2021-08-28T21:48:49.832Z",
    "user": "27e54a1a-7ee0-4bc1-9200-8b92574dc21d",
    "content_type": 14,
    "object_id": "644ab1d1-9ed7-459f-93df-e633dd76ab0d",
    "object_repr": "UserAnswer object (644ab1d1-9ed7-459f-93df-e633dd76ab0d)",
    "action_flag": 3,
    "change_message": ""
  }
},
{
  "model": "admin.logentry",
  "pk": 162,
  "fields": {
    "action_time": "2021-08-29T18:59:15.167Z",
    "user": "27e54a1a-7ee0-4bc1-9200-8b92574dc21d",
    "content_type": 8,
    "object_id": "e98d6521-fcea-4513-9511-895ca163342c",
    "object_repr": "Essai de consultation non publiée avec 1 QCM 10 rep",
    "action_flag": 3,
    "change_message": ""
  }
},
{
  "model": "admin.logentry",
  "pk": 163,
  "fields": {
    "action_time": "2021-08-29T18:59:15.169Z",
    "user": "27e54a1a-7ee0-4bc1-9200-8b92574dc21d",
    "content_type": 8,
    "object_id": "e5d521c6-b007-4bda-a289-0263dee2e7f4",
    "object_repr": "Essai de conseil non publié",
    "action_flag": 3,
    "change_message": ""
  }
},
{
  "model": "admin.logentry",
  "pk": 164,
  "fields": {
    "action_time": "2021-08-29T18:59:15.170Z",
    "user": "27e54a1a-7ee0-4bc1-9200-8b92574dc21d",
    "content_type": 8,
    "object_id": "9cc1814a-8af8-4be4-ba94-292653e4f736",
    "object_repr": "Essai pétition non publiée",
    "action_flag": 3,
    "change_message": ""
  }
},
{
  "model": "admin.logentry",
  "pk": 165,
  "fields": {
    "action_time": "2021-08-29T18:59:21.406Z",
    "user": "27e54a1a-7ee0-4bc1-9200-8b92574dc21d",
    "content_type": 8,
    "object_id": "0f6853d8-25f3-47f2-97af-00efbbfe8396",
    "object_repr": "Conseil tourlaville",
    "action_flag": 3,
    "change_message": ""
  }
},
{
  "model": "admin.logentry",
  "pk": 166,
  "fields": {
    "action_time": "2021-08-29T18:59:21.408Z",
    "user": "27e54a1a-7ee0-4bc1-9200-8b92574dc21d",
    "content_type": 8,
    "object_id": "0deddfec-333f-401b-8c3f-79596609f9a0",
    "object_repr": "Conseil modifié",
    "action_flag": 3,
    "change_message": ""
  }
},
{
  "model": "admin.logentry",
  "pk": 167,
  "fields": {
    "action_time": "2021-08-29T18:59:25.030Z",
    "user": "27e54a1a-7ee0-4bc1-9200-8b92574dc21d",
    "content_type": 8,
    "object_id": "80333432-bebe-411d-a204-817d2db701f6",
    "object_repr": "azdazdr",
    "action_flag": 3,
    "change_message": ""
  }
},
{
  "model": "admin.logentry",
  "pk": 168,
  "fields": {
    "action_time": "2021-08-29T18:59:38.477Z",
    "user": "27e54a1a-7ee0-4bc1-9200-8b92574dc21d",
    "content_type": 8,
    "object_id": "4cd74e17-ba6b-42f1-ace2-34dff74adee1",
    "object_repr": "Essai de conseil non publié",
    "action_flag": 3,
    "change_message": ""
  }
},
{
  "model": "admin.logentry",
  "pk": 169,
  "fields": {
    "action_time": "2021-08-29T18:59:38.479Z",
    "user": "27e54a1a-7ee0-4bc1-9200-8b92574dc21d",
    "content_type": 8,
    "object_id": "e4a253b9-bce9-499e-a769-bee324d123c1",
    "object_repr": "Essai de conseil non publié",
    "action_flag": 3,
    "change_message": ""
  }
},
{
  "model": "admin.logentry",
  "pk": 170,
  "fields": {
    "action_time": "2021-08-29T19:05:34.061Z",
    "user": "27e54a1a-7ee0-4bc1-9200-8b92574dc21d",
    "content_type": 8,
    "object_id": "1deb438e-30f4-4f6b-9766-6e823151d32f",
    "object_repr": "Conseil Tourlaville",
    "action_flag": 3,
    "change_message": ""
  }
},
{
  "model": "admin.logentry",
  "pk": 171,
  "fields": {
    "action_time": "2021-08-30T09:23:00.679Z",
    "user": "27e54a1a-7ee0-4bc1-9200-8b92574dc21d",
    "content_type": 8,
    "object_id": "bef0585c-2b42-4a5c-8c6b-e454356e3466",
    "object_repr": "Conseil La Glacerie",
    "action_flag": 3,
    "change_message": ""
  }
},
{
  "model": "admin.logentry",
  "pk": 172,
  "fields": {
    "action_time": "2021-08-30T09:23:00.681Z",
    "user": "27e54a1a-7ee0-4bc1-9200-8b92574dc21d",
    "content_type": 8,
    "object_id": "afd1ce14-753b-4032-b2fc-79a1246f4bf6",
    "object_repr": "Conseil de quartier Cherbourg Port",
    "action_flag": 3,
    "change_message": ""
  }
},
{
  "model": "admin.logentry",
  "pk": 173,
  "fields": {
    "action_time": "2021-08-30T09:23:00.681Z",
    "user": "27e54a1a-7ee0-4bc1-9200-8b92574dc21d",
    "content_type": 8,
    "object_id": "71900996-b513-434f-a73d-62f832261c8f",
    "object_repr": "Conseil de Querqueville",
    "action_flag": 3,
    "change_message": ""
  }
},
{
  "model": "admin.logentry",
  "pk": 174,
  "fields": {
    "action_time": "2021-08-30T09:23:00.682Z",
    "user": "27e54a1a-7ee0-4bc1-9200-8b92574dc21d",
    "content_type": 8,
    "object_id": "0aa0247f-4b5b-449e-9bea-a267653d56e3",
    "object_repr": "lalalal",
    "action_flag": 3,
    "change_message": ""
  }
},
{
  "model": "admin.logentry",
  "pk": 175,
  "fields": {
    "action_time": "2021-08-30T09:28:23.445Z",
    "user": "27e54a1a-7ee0-4bc1-9200-8b92574dc21d",
    "content_type": 8,
    "object_id": "523ab92d-a97c-4500-9549-1fe427425285",
    "object_repr": "Conseil de quartier Querqueville",
    "action_flag": 3,
    "change_message": ""
  }
},
{
  "model": "admin.logentry",
  "pk": 176,
  "fields": {
    "action_time": "2021-08-30T09:28:23.449Z",
    "user": "27e54a1a-7ee0-4bc1-9200-8b92574dc21d",
    "content_type": 8,
    "object_id": "b433e2d4-e41e-42e6-a01a-e14366f6de1d",
    "object_repr": "Conseil de quartier La Glacerie",
    "action_flag": 3,
    "change_message": ""
  }
},
{
  "model": "admin.logentry",
  "pk": 177,
  "fields": {
    "action_time": "2021-08-30T10:05:58.403Z",
    "user": "27e54a1a-7ee0-4bc1-9200-8b92574dc21d",
    "content_type": 8,
    "object_id": "843b0eaf-7a89-4075-bff2-b8a47d8d3cd4",
    "object_repr": "Conseil de quartier de Querqueville",
    "action_flag": 3,
    "change_message": ""
  }
},
{
  "model": "admin.logentry",
  "pk": 178,
  "fields": {
    "action_time": "2021-08-30T10:05:58.405Z",
    "user": "27e54a1a-7ee0-4bc1-9200-8b92574dc21d",
    "content_type": 8,
    "object_id": "70b355a9-cd67-4716-8110-e5e54d9bf0e2",
    "object_repr": "Conseil de Tourlaville",
    "action_flag": 3,
    "change_message": ""
  }
},
{
  "model": "admin.logentry",
  "pk": 179,
  "fields": {
    "action_time": "2021-08-30T13:56:40.815Z",
    "user": "27e54a1a-7ee0-4bc1-9200-8b92574dc21d",
    "content_type": 8,
    "object_id": "5b389efa-84f7-49e2-999d-6866e12ce50d",
    "object_repr": "Conseil de quartier Tourlaville",
    "action_flag": 2,
    "change_message": "[{\"changed\": {\"fields\": [\"Description\", \"Liked by\"]}}]"
  }
},
{
  "model": "admin.logentry",
  "pk": 180,
  "fields": {
    "action_time": "2021-08-30T13:56:55.801Z",
    "user": "27e54a1a-7ee0-4bc1-9200-8b92574dc21d",
    "content_type": 8,
    "object_id": "5b389efa-84f7-49e2-999d-6866e12ce50d",
    "object_repr": "Conseil de quartier Tourlaville",
    "action_flag": 2,
    "change_message": "[{\"changed\": {\"fields\": [\"Description\"]}}]"
  }
},
{
  "model": "admin.logentry",
  "pk": 181,
  "fields": {
    "action_time": "2021-08-30T14:13:34.122Z",
    "user": "27e54a1a-7ee0-4bc1-9200-8b92574dc21d",
    "content_type": 8,
    "object_id": "bc9662e3-2014-4de1-af75-cf8dbde6904a",
    "object_repr": "Conseil de quartier Cherbourg Centre",
    "action_flag": 3,
    "change_message": ""
  }
},
{
  "model": "admin.logentry",
  "pk": 182,
  "fields": {
    "action_time": "2021-08-30T14:13:34.124Z",
    "user": "27e54a1a-7ee0-4bc1-9200-8b92574dc21d",
    "content_type": 8,
    "object_id": "6a587771-4dc2-4d95-8326-d30c6c28e2e1",
    "object_repr": "Conseil de quartier Octeville",
    "action_flag": 3,
    "change_message": ""
  }
},
{
  "model": "admin.logentry",
  "pk": 183,
  "fields": {
    "action_time": "2021-08-30T14:13:34.125Z",
    "user": "27e54a1a-7ee0-4bc1-9200-8b92574dc21d",
    "content_type": 8,
    "object_id": "35754cb5-b598-4d8f-b11c-abd0ace08d16",
    "object_repr": "Pour une piétonisation du centre ville",
    "action_flag": 3,
    "change_message": ""
  }
},
{
  "model": "admin.logentry",
  "pk": 184,
  "fields": {
    "action_time": "2021-08-30T14:13:34.126Z",
    "user": "27e54a1a-7ee0-4bc1-9200-8b92574dc21d",
    "content_type": 8,
    "object_id": "c12497fc-45da-469d-8156-3b24247eabc7",
    "object_repr": "Pour un stade de football digne de ce nom",
    "action_flag": 3,
    "change_message": ""
  }
},
{
  "model": "admin.logentry",
  "pk": 185,
  "fields": {
    "action_time": "2021-08-30T14:13:34.126Z",
    "user": "27e54a1a-7ee0-4bc1-9200-8b92574dc21d",
    "content_type": 8,
    "object_id": "3a671556-43c2-4937-8379-3c06b99b44cb",
    "object_repr": "Pour une juste reconnaissance des éboueurs",
    "action_flag": 3,
    "change_message": ""
  }
},
{
  "model": "admin.logentry",
  "pk": 186,
  "fields": {
    "action_time": "2021-08-30T14:13:34.127Z",
    "user": "27e54a1a-7ee0-4bc1-9200-8b92574dc21d",
    "content_type": 8,
    "object_id": "5b389efa-84f7-49e2-999d-6866e12ce50d",
    "object_repr": "Conseil de quartier Tourlaville",
    "action_flag": 3,
    "change_message": ""
  }
},
{
  "model": "admin.logentry",
  "pk": 187,
  "fields": {
    "action_time": "2021-08-30T14:13:34.144Z",
    "user": "27e54a1a-7ee0-4bc1-9200-8b92574dc21d",
    "content_type": 8,
    "object_id": "8e44a949-2627-476b-a8e8-bafae76797c5",
    "object_repr": "zadazd",
    "action_flag": 3,
    "change_message": ""
  }
},
{
  "model": "admin.logentry",
  "pk": 188,
  "fields": {
    "action_time": "2021-08-30T14:13:34.144Z",
    "user": "27e54a1a-7ee0-4bc1-9200-8b92574dc21d",
    "content_type": 8,
    "object_id": "8ea5d8c1-fcd9-4607-b2ab-d3b3aeba8beb",
    "object_repr": "Conseil de quartier Cherbourg Port",
    "action_flag": 3,
    "change_message": ""
  }
},
{
  "model": "admin.logentry",
  "pk": 189,
  "fields": {
    "action_time": "2021-08-30T14:13:34.145Z",
    "user": "27e54a1a-7ee0-4bc1-9200-8b92574dc21d",
    "content_type": 8,
    "object_id": "665644c1-2ecd-42bc-84bb-f4b0642cd596",
    "object_repr": "Consultation non publiée avec 2 questions",
    "action_flag": 3,
    "change_message": ""
  }
},
{
  "model": "admin.logentry",
  "pk": 190,
  "fields": {
    "action_time": "2021-08-30T14:13:34.146Z",
    "user": "27e54a1a-7ee0-4bc1-9200-8b92574dc21d",
    "content_type": 8,
    "object_id": "4a6eeb05-e1da-4274-9b2e-789a369589c4",
    "object_repr": "Conseil de quartier La Glacerie",
    "action_flag": 3,
    "change_message": ""
  }
},
{
  "model": "admin.logentry",
  "pk": 191,
  "fields": {
    "action_time": "2021-08-30T14:13:34.146Z",
    "user": "27e54a1a-7ee0-4bc1-9200-8b92574dc21d",
    "content_type": 8,
    "object_id": "2b479fae-af53-4ff9-948e-eb8e4a9eeb8f",
    "object_repr": "Consultation sur l'utilité du site",
    "action_flag": 3,
    "change_message": ""
  }
},
{
  "model": "admin.logentry",
  "pk": 192,
  "fields": {
    "action_time": "2021-08-30T14:13:34.147Z",
    "user": "27e54a1a-7ee0-4bc1-9200-8b92574dc21d",
    "content_type": 8,
    "object_id": "244a937f-df52-4677-a10b-a454aac6129f",
    "object_repr": "Des nouveaux locaux pour la SPA",
    "action_flag": 3,
    "change_message": ""
  }
},
{
  "model": "admin.logentry",
  "pk": 193,
  "fields": {
    "action_time": "2021-08-30T18:13:41.845Z",
    "user": "27e54a1a-7ee0-4bc1-9200-8b92574dc21d",
    "content_type": 8,
    "object_id": "e56ed18c-52c1-478e-9d1a-4f4337274ba0",
    "object_repr": "essai",
    "action_flag": 3,
    "change_message": ""
  }
},
{
  "model": "admin.logentry",
  "pk": 194,
  "fields": {
    "action_time": "2021-08-30T20:13:33.032Z",
    "user": "27e54a1a-7ee0-4bc1-9200-8b92574dc21d",
    "content_type": 14,
    "object_id": "f6d12c64-892e-4c8c-add9-21e10f008ec7",
    "object_repr": "UserAnswer object (f6d12c64-892e-4c8c-add9-21e10f008ec7)",
    "action_flag": 3,
    "change_message": ""
  }
},
{
  "model": "admin.logentry",
  "pk": 195,
  "fields": {
    "action_time": "2021-08-30T20:13:37.729Z",
    "user": "27e54a1a-7ee0-4bc1-9200-8b92574dc21d",
    "content_type": 14,
    "object_id": "cfcc15b6-8026-4a86-bb80-48cdce25d9bd",
    "object_repr": "UserAnswer object (cfcc15b6-8026-4a86-bb80-48cdce25d9bd)",
    "action_flag": 3,
    "change_message": ""
  }
},
{
  "model": "admin.logentry",
  "pk": 196,
  "fields": {
    "action_time": "2021-08-30T20:13:43.859Z",
    "user": "27e54a1a-7ee0-4bc1-9200-8b92574dc21d",
    "content_type": 14,
    "object_id": "a4102d2e-62f1-42d7-831e-464c5aa68f72",
    "object_repr": "UserAnswer object (a4102d2e-62f1-42d7-831e-464c5aa68f72)",
    "action_flag": 3,
    "change_message": ""
  }
},
{
  "model": "admin.logentry",
  "pk": 197,
  "fields": {
    "action_time": "2021-09-02T14:00:15.074Z",
    "user": "27e54a1a-7ee0-4bc1-9200-8b92574dc21d",
    "content_type": 8,
    "object_id": "24147eda-0f80-4186-9402-038b331bbe4a",
    "object_repr": "Consultatrion",
    "action_flag": 3,
    "change_message": ""
  }
},
{
  "model": "admin.logentry",
  "pk": 198,
  "fields": {
    "action_time": "2021-09-02T14:00:15.076Z",
    "user": "27e54a1a-7ee0-4bc1-9200-8b92574dc21d",
    "content_type": 8,
    "object_id": "fd361f11-c839-45cf-a528-23a70d6f7d01",
    "object_repr": "Anti covid",
    "action_flag": 3,
    "change_message": ""
  }
},
{
  "model": "admin.logentry",
  "pk": 199,
  "fields": {
    "action_time": "2021-09-02T14:00:15.076Z",
    "user": "27e54a1a-7ee0-4bc1-9200-8b92574dc21d",
    "content_type": 8,
    "object_id": "bec4100c-b01f-4408-b7af-1c2c17602b08",
    "object_repr": "uiluiluu",
    "action_flag": 3,
    "change_message": ""
  }
},
{
  "model": "admin.logentry",
  "pk": 200,
  "fields": {
    "action_time": "2021-09-02T14:00:15.077Z",
    "user": "27e54a1a-7ee0-4bc1-9200-8b92574dc21d",
    "content_type": 8,
    "object_id": "22ed04c1-0453-41f3-899d-6ebad2a7d270",
    "object_repr": "hrgtfedcs",
    "action_flag": 3,
    "change_message": ""
  }
},
{
  "model": "admin.logentry",
  "pk": 201,
  "fields": {
    "action_time": "2021-09-06T15:29:50.413Z",
    "user": "27e54a1a-7ee0-4bc1-9200-8b92574dc21d",
    "content_type": 8,
    "object_id": "42c75480-2389-44ee-9c4b-9ad333f306ea",
    "object_repr": "azdazdzada",
    "action_flag": 3,
    "change_message": ""
  }
},
{
  "model": "admin.logentry",
  "pk": 202,
  "fields": {
    "action_time": "2021-09-06T15:29:50.415Z",
    "user": "27e54a1a-7ee0-4bc1-9200-8b92574dc21d",
    "content_type": 8,
    "object_id": "74c2a832-dcd5-4579-8f63-baf568d12f71",
    "object_repr": "dazdazdaz",
    "action_flag": 3,
    "change_message": ""
  }
},
{
  "model": "auth.permission",
  "pk": 1,
  "fields": {
    "name": "Can add log entry",
    "content_type": 1,
    "codename": "add_logentry"
  }
},
{
  "model": "auth.permission",
  "pk": 2,
  "fields": {
    "name": "Can change log entry",
    "content_type": 1,
    "codename": "change_logentry"
  }
},
{
  "model": "auth.permission",
  "pk": 3,
  "fields": {
    "name": "Can delete log entry",
    "content_type": 1,
    "codename": "delete_logentry"
  }
},
{
  "model": "auth.permission",
  "pk": 4,
  "fields": {
    "name": "Can view log entry",
    "content_type": 1,
    "codename": "view_logentry"
  }
},
{
  "model": "auth.permission",
  "pk": 5,
  "fields": {
    "name": "Can add permission",
    "content_type": 2,
    "codename": "add_permission"
  }
},
{
  "model": "auth.permission",
  "pk": 6,
  "fields": {
    "name": "Can change permission",
    "content_type": 2,
    "codename": "change_permission"
  }
},
{
  "model": "auth.permission",
  "pk": 7,
  "fields": {
    "name": "Can delete permission",
    "content_type": 2,
    "codename": "delete_permission"
  }
},
{
  "model": "auth.permission",
  "pk": 8,
  "fields": {
    "name": "Can view permission",
    "content_type": 2,
    "codename": "view_permission"
  }
},
{
  "model": "auth.permission",
  "pk": 9,
  "fields": {
    "name": "Can add group",
    "content_type": 3,
    "codename": "add_group"
  }
},
{
  "model": "auth.permission",
  "pk": 10,
  "fields": {
    "name": "Can change group",
    "content_type": 3,
    "codename": "change_group"
  }
},
{
  "model": "auth.permission",
  "pk": 11,
  "fields": {
    "name": "Can delete group",
    "content_type": 3,
    "codename": "delete_group"
  }
},
{
  "model": "auth.permission",
  "pk": 12,
  "fields": {
    "name": "Can view group",
    "content_type": 3,
    "codename": "view_group"
  }
},
{
  "model": "auth.permission",
  "pk": 13,
  "fields": {
    "name": "Can add content type",
    "content_type": 4,
    "codename": "add_contenttype"
  }
},
{
  "model": "auth.permission",
  "pk": 14,
  "fields": {
    "name": "Can change content type",
    "content_type": 4,
    "codename": "change_contenttype"
  }
},
{
  "model": "auth.permission",
  "pk": 15,
  "fields": {
    "name": "Can delete content type",
    "content_type": 4,
    "codename": "delete_contenttype"
  }
},
{
  "model": "auth.permission",
  "pk": 16,
  "fields": {
    "name": "Can view content type",
    "content_type": 4,
    "codename": "view_contenttype"
  }
},
{
  "model": "auth.permission",
  "pk": 17,
  "fields": {
    "name": "Can add session",
    "content_type": 5,
    "codename": "add_session"
  }
},
{
  "model": "auth.permission",
  "pk": 18,
  "fields": {
    "name": "Can change session",
    "content_type": 5,
    "codename": "change_session"
  }
},
{
  "model": "auth.permission",
  "pk": 19,
  "fields": {
    "name": "Can delete session",
    "content_type": 5,
    "codename": "delete_session"
  }
},
{
  "model": "auth.permission",
  "pk": 20,
  "fields": {
    "name": "Can view session",
    "content_type": 5,
    "codename": "view_session"
  }
},
{
  "model": "auth.permission",
  "pk": 21,
  "fields": {
    "name": "Can add user",
    "content_type": 6,
    "codename": "add_customuser"
  }
},
{
  "model": "auth.permission",
  "pk": 22,
  "fields": {
    "name": "Can change user",
    "content_type": 6,
    "codename": "change_customuser"
  }
},
{
  "model": "auth.permission",
  "pk": 23,
  "fields": {
    "name": "Can delete user",
    "content_type": 6,
    "codename": "delete_customuser"
  }
},
{
  "model": "auth.permission",
  "pk": 24,
  "fields": {
    "name": "Can view user",
    "content_type": 6,
    "codename": "view_customuser"
  }
},
{
  "model": "auth.permission",
  "pk": 25,
  "fields": {
    "name": "Can add address",
    "content_type": 7,
    "codename": "add_address"
  }
},
{
  "model": "auth.permission",
  "pk": 26,
  "fields": {
    "name": "Can change address",
    "content_type": 7,
    "codename": "change_address"
  }
},
{
  "model": "auth.permission",
  "pk": 27,
  "fields": {
    "name": "Can delete address",
    "content_type": 7,
    "codename": "delete_address"
  }
},
{
  "model": "auth.permission",
  "pk": 28,
  "fields": {
    "name": "Can view address",
    "content_type": 7,
    "codename": "view_address"
  }
},
{
  "model": "auth.permission",
  "pk": 29,
  "fields": {
    "name": "Can add project",
    "content_type": 8,
    "codename": "add_project"
  }
},
{
  "model": "auth.permission",
  "pk": 30,
  "fields": {
    "name": "Can change project",
    "content_type": 8,
    "codename": "change_project"
  }
},
{
  "model": "auth.permission",
  "pk": 31,
  "fields": {
    "name": "Can delete project",
    "content_type": 8,
    "codename": "delete_project"
  }
},
{
  "model": "auth.permission",
  "pk": 32,
  "fields": {
    "name": "Can view project",
    "content_type": 8,
    "codename": "view_project"
  }
},
{
  "model": "auth.permission",
  "pk": 33,
  "fields": {
    "name": "Can add project type",
    "content_type": 9,
    "codename": "add_projecttype"
  }
},
{
  "model": "auth.permission",
  "pk": 34,
  "fields": {
    "name": "Can change project type",
    "content_type": 9,
    "codename": "change_projecttype"
  }
},
{
  "model": "auth.permission",
  "pk": 35,
  "fields": {
    "name": "Can delete project type",
    "content_type": 9,
    "codename": "delete_projecttype"
  }
},
{
  "model": "auth.permission",
  "pk": 36,
  "fields": {
    "name": "Can view project type",
    "content_type": 9,
    "codename": "view_projecttype"
  }
},
{
  "model": "auth.permission",
  "pk": 37,
  "fields": {
    "name": "Can add question type",
    "content_type": 10,
    "codename": "add_questiontype"
  }
},
{
  "model": "auth.permission",
  "pk": 38,
  "fields": {
    "name": "Can change question type",
    "content_type": 10,
    "codename": "change_questiontype"
  }
},
{
  "model": "auth.permission",
  "pk": 39,
  "fields": {
    "name": "Can delete question type",
    "content_type": 10,
    "codename": "delete_questiontype"
  }
},
{
  "model": "auth.permission",
  "pk": 40,
  "fields": {
    "name": "Can view question type",
    "content_type": 10,
    "codename": "view_questiontype"
  }
},
{
  "model": "auth.permission",
  "pk": 41,
  "fields": {
    "name": "Can add question",
    "content_type": 11,
    "codename": "add_question"
  }
},
{
  "model": "auth.permission",
  "pk": 42,
  "fields": {
    "name": "Can change question",
    "content_type": 11,
    "codename": "change_question"
  }
},
{
  "model": "auth.permission",
  "pk": 43,
  "fields": {
    "name": "Can delete question",
    "content_type": 11,
    "codename": "delete_question"
  }
},
{
  "model": "auth.permission",
  "pk": 44,
  "fields": {
    "name": "Can view question",
    "content_type": 11,
    "codename": "view_question"
  }
},
{
  "model": "auth.permission",
  "pk": 45,
  "fields": {
    "name": "Can add mcq answer",
    "content_type": 12,
    "codename": "add_mcqanswer"
  }
},
{
  "model": "auth.permission",
  "pk": 46,
  "fields": {
    "name": "Can change mcq answer",
    "content_type": 12,
    "codename": "change_mcqanswer"
  }
},
{
  "model": "auth.permission",
  "pk": 47,
  "fields": {
    "name": "Can delete mcq answer",
    "content_type": 12,
    "codename": "delete_mcqanswer"
  }
},
{
  "model": "auth.permission",
  "pk": 48,
  "fields": {
    "name": "Can view mcq answer",
    "content_type": 12,
    "codename": "view_mcqanswer"
  }
},
{
  "model": "auth.permission",
  "pk": 49,
  "fields": {
    "name": "Can add comment",
    "content_type": 13,
    "codename": "add_comment"
  }
},
{
  "model": "auth.permission",
  "pk": 50,
  "fields": {
    "name": "Can change comment",
    "content_type": 13,
    "codename": "change_comment"
  }
},
{
  "model": "auth.permission",
  "pk": 51,
  "fields": {
    "name": "Can delete comment",
    "content_type": 13,
    "codename": "delete_comment"
  }
},
{
  "model": "auth.permission",
  "pk": 52,
  "fields": {
    "name": "Can view comment",
    "content_type": 13,
    "codename": "view_comment"
  }
},
{
  "model": "auth.permission",
  "pk": 53,
  "fields": {
    "name": "Can add user answer",
    "content_type": 14,
    "codename": "add_useranswer"
  }
},
{
  "model": "auth.permission",
  "pk": 54,
  "fields": {
    "name": "Can change user answer",
    "content_type": 14,
    "codename": "change_useranswer"
  }
},
{
  "model": "auth.permission",
  "pk": 55,
  "fields": {
    "name": "Can delete user answer",
    "content_type": 14,
    "codename": "delete_useranswer"
  }
},
{
  "model": "auth.permission",
  "pk": 56,
  "fields": {
    "name": "Can view user answer",
    "content_type": 14,
    "codename": "view_useranswer"
  }
},
{
  "model": "auth.permission",
  "pk": 57,
  "fields": {
    "name": "Can add blacklisted token",
    "content_type": 15,
    "codename": "add_blacklistedtoken"
  }
},
{
  "model": "auth.permission",
  "pk": 58,
  "fields": {
    "name": "Can change blacklisted token",
    "content_type": 15,
    "codename": "change_blacklistedtoken"
  }
},
{
  "model": "auth.permission",
  "pk": 59,
  "fields": {
    "name": "Can delete blacklisted token",
    "content_type": 15,
    "codename": "delete_blacklistedtoken"
  }
},
{
  "model": "auth.permission",
  "pk": 60,
  "fields": {
    "name": "Can view blacklisted token",
    "content_type": 15,
    "codename": "view_blacklistedtoken"
  }
},
{
  "model": "auth.permission",
  "pk": 61,
  "fields": {
    "name": "Can add outstanding token",
    "content_type": 16,
    "codename": "add_outstandingtoken"
  }
},
{
  "model": "auth.permission",
  "pk": 62,
  "fields": {
    "name": "Can change outstanding token",
    "content_type": 16,
    "codename": "change_outstandingtoken"
  }
},
{
  "model": "auth.permission",
  "pk": 63,
  "fields": {
    "name": "Can delete outstanding token",
    "content_type": 16,
    "codename": "delete_outstandingtoken"
  }
},
{
  "model": "auth.permission",
  "pk": 64,
  "fields": {
    "name": "Can view outstanding token",
    "content_type": 16,
    "codename": "view_outstandingtoken"
  }
},
{
  "model": "contenttypes.contenttype",
  "pk": 1,
  "fields": {
    "app_label": "admin",
    "model": "logentry"
  }
},
{
  "model": "contenttypes.contenttype",
  "pk": 2,
  "fields": {
    "app_label": "auth",
    "model": "permission"
  }
},
{
  "model": "contenttypes.contenttype",
  "pk": 3,
  "fields": {
    "app_label": "auth",
    "model": "group"
  }
},
{
  "model": "contenttypes.contenttype",
  "pk": 4,
  "fields": {
    "app_label": "contenttypes",
    "model": "contenttype"
  }
},
{
  "model": "contenttypes.contenttype",
  "pk": 5,
  "fields": {
    "app_label": "sessions",
    "model": "session"
  }
},
{
  "model": "contenttypes.contenttype",
  "pk": 6,
  "fields": {
    "app_label": "authentication",
    "model": "customuser"
  }
},
{
  "model": "contenttypes.contenttype",
  "pk": 7,
  "fields": {
    "app_label": "authentication",
    "model": "address"
  }
},
{
  "model": "contenttypes.contenttype",
  "pk": 8,
  "fields": {
    "app_label": "project",
    "model": "project"
  }
},
{
  "model": "contenttypes.contenttype",
  "pk": 9,
  "fields": {
    "app_label": "project",
    "model": "projecttype"
  }
},
{
  "model": "contenttypes.contenttype",
  "pk": 10,
  "fields": {
    "app_label": "project",
    "model": "questiontype"
  }
},
{
  "model": "contenttypes.contenttype",
  "pk": 11,
  "fields": {
    "app_label": "project",
    "model": "question"
  }
},
{
  "model": "contenttypes.contenttype",
  "pk": 12,
  "fields": {
    "app_label": "project",
    "model": "mcqanswer"
  }
},
{
  "model": "contenttypes.contenttype",
  "pk": 13,
  "fields": {
    "app_label": "project",
    "model": "comment"
  }
},
{
  "model": "contenttypes.contenttype",
  "pk": 14,
  "fields": {
    "app_label": "project",
    "model": "useranswer"
  }
},
{
  "model": "contenttypes.contenttype",
  "pk": 15,
  "fields": {
    "app_label": "token_blacklist",
    "model": "blacklistedtoken"
  }
},
{
  "model": "contenttypes.contenttype",
  "pk": 16,
  "fields": {
    "app_label": "token_blacklist",
    "model": "outstandingtoken"
  }
},
{
  "model": "sessions.session",
  "pk": "tsc6aa9iyjg958jvgv9il79xj5ihxlxb",
  "fields": {
    "session_data": ".eJxVjMsOgjAQAP-lZyHt9u1Rz34D2W6XQEQgtpyM_64kHPQ4ycy8RIdbHbqt8LMbszgL8GwNKmw8s2xMItVEkLIJKYL1JhOoLE6_WUK687y3uK7TSFjHZS7tLvBcD24Pq7TXrdTlcVsyT5ej_NsNWIbvK2ivlU4KyCuHylFEgiSx5x4YfdbGmgiZE_jkwFjyMfSZnNTBQIhOvD9D0kaZ:1mDpiO:m5aYC_kLmDAWDlLSPOmEayX5YIo-5jI34KjO2LOAjtM",
    "expire_date": "2021-08-25T15:00:20.708Z"
  }
},
{
  "model": "sessions.session",
  "pk": "wxpqtxo6b46oazm68cuzyho51o08d0qy",
  "fields": {
    "session_data": ".eJxVjMsOgjAQAP-lZyHt9u1Rz34D2W6XQEQgtpyM_64kHPQ4ycy8RIdbHbqt8LMbszgL8GwNKmw8s2xMItVEkLIJKYL1JhOoLE6_WUK687y3uK7TSFjHZS7tLvBcD24Pq7TXrdTlcVsyT5ej_NsNWIbvK2ivlU4KyCuHylFEgiSx5x4YfdbGmgiZE_jkwFjyMfSZnNTBQIhOvD9D0kaZ:1mJMdM:SlaiHSf1sI5lITNReA0a3uMi-R_Zv6fEHCnzKnadyHQ",
    "expire_date": "2021-09-09T21:10:00.058Z"
  }
},
{
  "model": "authentication.customuser",
  "pk": "27e54a1a-7ee0-4bc1-9200-8b92574dc21d",
  "fields": {
    "password": "pbkdf2_sha256$260000$FpEDAOGdEfkWYg8veGVv1j$38uMu4R6yTxVlB+1Lz9p/SHfCVLcdcUNwLQef7AmrvA=",
    "last_login": "2021-08-26T21:10:00.056Z",
    "is_superuser": true,
    "is_staff": true,
    "date_joined": "2021-08-07T10:08:03.290Z",
    "username": "admin",
    "email": "admin@moi.fr",
    "first_name": "Victor",
    "last_name": "SIMON",
    "is_active": true,
    "groups": [],
    "user_permissions": []
  }
},
{
  "model": "authentication.customuser",
  "pk": "59f4ec2c-f072-4bf2-adfc-05b56b6c5842",
  "fields": {
    "password": "pbkdf2_sha256$260000$dNMPbfINbhalJYfhORRsPG$le7DLZ7N4Ew/EuqWq+OYuAi/9z8o8ZjgvN3PToR79Wc=",
    "last_login": null,
    "is_superuser": false,
    "is_staff": false,
    "date_joined": "2021-08-13T11:58:53.015Z",
    "username": "Anonyme",
    "email": "mickey@mouse.us",
    "first_name": "Mickey",
    "last_name": "Mouse",
    "is_active": true,
    "groups": [],
    "user_permissions": []
  }
},
{
  "model": "authentication.customuser",
  "pk": "cf3e493d-de34-4bab-8e91-b4f3a646b118",
  "fields": {
    "password": "pbkdf2_sha256$260000$MMav3TMkfhXyjfG399X9Fi$HHzltORcdiXspKEGdE1J5Vs0EENK9Q7w0Xdylm+//pg=",
    "last_login": null,
    "is_superuser": false,
    "is_staff": false,
    "date_joined": "2021-08-07T10:07:03.661Z",
    "username": "Anonyme",
    "email": "dony@duck.us",
    "first_name": "Donald",
    "last_name": "Duck",
    "is_active": true,
    "groups": [],
    "user_permissions": []
  }
},
{
  "model": "authentication.address",
  "pk": "bf2665e3-3341-4517-ae5b-a70e924d2c6b",
  "fields": {
    "num": 14,
    "street": "rue du Fort",
    "postal_code": 50000,
    "city": "Saint Lô",
    "owner": "27e54a1a-7ee0-4bc1-9200-8b92574dc21d"
  }
},
{
  "model": "authentication.address",
  "pk": "f1f4959e-74dd-402b-9f34-b3d176102a81",
  "fields": {
    "num": 50,
    "street": "rue coluiche",
    "postal_code": 50100,
    "city": "cherbourg",
    "owner": "cf3e493d-de34-4bab-8e91-b4f3a646b118"
  }
},
{
  "model": "project.projecttype",
  "pk": "00fb3fc7-141a-4683-b255-120241e8f10b",
  "fields": {
    "name": "Conseil de quartier"
  }
},
{
  "model": "project.projecttype",
  "pk": "468c7e80-fef2-486a-a90f-c673cf4a84b3",
  "fields": {
    "name": "Pétition"
  }
},
{
  "model": "project.projecttype",
  "pk": "f741e727-17a6-47b8-b0fc-82b965ec89f7",
  "fields": {
    "name": "Consultation"
  }
},
{
  "model": "project.project",
  "pk": "156f0ec8-7d8b-42e5-a184-c3a3573d4ba4",
  "fields": {
    "name": "Pour un stade digne de ce nom",
    "place": "Donaldville",
    "publication": "2021-08-30T20:57:50.703Z",
    "description": "Depuis le rachat du club de soccer par la famille McDuck il y a 2 ans, les résultats sont là et le club est monté de deux divisions en deux saisons pour atteindre la 3ème division.\nIl est temps de lui fournir un stade à la hauteur de sa nouvelle dimension et de la popularité acquise, qui continuera de croître au fil des saisons à venir.\n\nSoutenez cette pétition pour faire entendre notre demande auprès de l'équipe municipale de Donaldville.\n\nNotre club rival de toujours, l'Olympique Mickeyville a lui bénéficié d'une rénovation de sa tribune principale l'an dernier.",
    "project_type": "468c7e80-fef2-486a-a90f-c673cf4a84b3",
    "owner": "27e54a1a-7ee0-4bc1-9200-8b92574dc21d",
    "end_date": "2021-11-28T21:57:50.703Z",
    "ready_for_publication": true,
    "liked_by": [
      "59f4ec2c-f072-4bf2-adfc-05b56b6c5842",
      "cf3e493d-de34-4bab-8e91-b4f3a646b118"
    ]
  }
},
{
  "model": "project.project",
  "pk": "176e87bb-802b-4f29-859d-4d83b36f2ca6",
  "fields": {
    "name": "Anti covid",
    "place": "Partout",
    "publication": "2021-09-02T14:00:49.237Z",
    "description": "Tous anti covid",
    "project_type": "468c7e80-fef2-486a-a90f-c673cf4a84b3",
    "owner": "27e54a1a-7ee0-4bc1-9200-8b92574dc21d",
    "end_date": "2021-12-01T15:00:49.237Z",
    "ready_for_publication": true,
    "liked_by": []
  }
},
{
  "model": "project.project",
  "pk": "1a91f070-3bda-4ae7-9547-9d983bca58c7",
  "fields": {
    "name": "Conseil de quartier Donaldville centre",
    "place": "Donaldville centre",
    "publication": "2021-09-02T14:01:20.843Z",
    "description": "Sujets à l'ordre du jour:\n- Aménagement d'une promenade le long de l'avenue Cornelius Ecoutum\n- Passage de la place Balthazar McDuck en piéton et circulation réservée pour les livraisons, services ou riverains, à 20km/h maximum.\n- Sujets évoqués par les citoyens ayant participé au sondage",
    "project_type": "00fb3fc7-141a-4683-b255-120241e8f10b",
    "owner": "27e54a1a-7ee0-4bc1-9200-8b92574dc21d",
    "end_date": "2021-09-19T01:00:00Z",
    "ready_for_publication": true,
    "liked_by": []
  }
},
{
  "model": "project.project",
  "pk": "2ab4615e-463a-4265-b700-ecac7687ce1c",
  "fields": {
    "name": "Conseil de quartier La Glacerie",
    "place": "La Glacerie",
    "publication": "2021-08-30T21:09:46.458Z",
    "description": "Sujets à l'ordre du jour:\n\n- Arrivée prochaine du Tour de France",
    "project_type": "00fb3fc7-141a-4683-b255-120241e8f10b",
    "owner": "27e54a1a-7ee0-4bc1-9200-8b92574dc21d",
    "end_date": "2021-09-21T06:00:00Z",
    "ready_for_publication": true,
    "liked_by": []
  }
},
{
  "model": "project.project",
  "pk": "b7fbd69b-a3a2-4be8-9ce9-4976e8a00edf",
  "fields": {
    "name": "Consultation sur l'aménagement de pistes cyclables",
    "place": "Donaldville",
    "publication": "2021-08-30T16:43:59.568Z",
    "description": "Depuis quelques années l’utilisation du vélo comme moyen de locomotion parmi nos concitoyens augmente considérablement. Que ce soit pour se rendre à son travail, effectuer ses achats ou tout simplement se déplacer pour aller voir des amis, se rendre à un lieu de loisir…\n\nMalheureusement la ville ne possède pas un réseau suffisant pour faire face aux besoins grandissants actuels. C’est pourquoi l’équipe municipale souhaite consulter tous les citoyens de Donaldville afin de récolter leurs opinions dans l’optique de l’aménagement de nombreuses pistes cyclables.\n\nAfin de mettre en place les installations répondant le mieux aux besoins des concitoyens, connaitre l’avis de chacun, utilisateur de vélo ou non, nous sera très utile.\nPour se faire, nous avons attaché un sondage constitué de 3 questions avec cette consultation.\nLa consultation restera ouverte pendant 30 jours.\n\nN’hésitez pas à participer massivement !\nL’équipe municipale de Donaldville",
    "project_type": "f741e727-17a6-47b8-b0fc-82b965ec89f7",
    "owner": "27e54a1a-7ee0-4bc1-9200-8b92574dc21d",
    "end_date": "2021-10-15T16:00:00Z",
    "ready_for_publication": true,
    "liked_by": []
  }
},
{
  "model": "project.question",
  "pk": "0f19c588-2e85-4453-b0a7-91b1c96f7f8b",
  "fields": {
    "wording": "Quel est votre ressenti concernant ce test ?",
    "question_type": "b294b1ce-5fa9-4d52-903e-90006d0b715d",
    "project": "2ab4615e-463a-4265-b700-ecac7687ce1c",
    "owner": "27e54a1a-7ee0-4bc1-9200-8b92574dc21d"
  }
},
{
  "model": "project.question",
  "pk": "0f54fa8e-3e1c-4a30-96a8-6632b73f9180",
  "fields": {
    "wording": "Avec quelle fréquence utilisez-vous le vélo comme moyen de transport ?",
    "question_type": "29b350e7-5aa7-4cc7-8314-a33a60836b9e",
    "project": "b7fbd69b-a3a2-4be8-9ce9-4976e8a00edf",
    "owner": "27e54a1a-7ee0-4bc1-9200-8b92574dc21d"
  }
},
{
  "model": "project.question",
  "pk": "47865c9e-0273-4311-8937-35ce05dfd692",
  "fields": {
    "wording": "Quelle est pour vous l'efficacité de la police ?",
    "question_type": "29b350e7-5aa7-4cc7-8314-a33a60836b9e",
    "project": "2ab4615e-463a-4265-b700-ecac7687ce1c",
    "owner": "27e54a1a-7ee0-4bc1-9200-8b92574dc21d"
  }
},
{
  "model": "project.question",
  "pk": "8b74b928-c678-4802-9e31-7b0212599891",
  "fields": {
    "wording": "Si la possibilité de rouler à contre sens dans certaines rues était mise en place, l'utiliseriez-vous ?",
    "question_type": "29b350e7-5aa7-4cc7-8314-a33a60836b9e",
    "project": "b7fbd69b-a3a2-4be8-9ce9-4976e8a00edf",
    "owner": "27e54a1a-7ee0-4bc1-9200-8b92574dc21d"
  }
},
{
  "model": "project.question",
  "pk": "b0b1ca60-53b1-4bf7-b695-b1a9b87e5356",
  "fields": {
    "wording": "Question libre d'un projet non publié",
    "question_type": "b294b1ce-5fa9-4d52-903e-90006d0b715d",
    "project": "1a91f070-3bda-4ae7-9547-9d983bca58c7",
    "owner": "27e54a1a-7ee0-4bc1-9200-8b92574dc21d"
  }
},
{
  "model": "project.question",
  "pk": "be1c17b2-f5eb-4349-8965-2f25f18e83cc",
  "fields": {
    "wording": "D'après vous le vélo doit-il pouvoir obtenir la priorité sur la voiture individuelle dans le centre ville commerçant de Donaldville ?",
    "question_type": "b294b1ce-5fa9-4d52-903e-90006d0b715d",
    "project": "b7fbd69b-a3a2-4be8-9ce9-4976e8a00edf",
    "owner": "27e54a1a-7ee0-4bc1-9200-8b92574dc21d"
  }
},
{
  "model": "project.questiontype",
  "pk": "29b350e7-5aa7-4cc7-8314-a33a60836b9e",
  "fields": {
    "name": "QCM"
  }
},
{
  "model": "project.questiontype",
  "pk": "b294b1ce-5fa9-4d52-903e-90006d0b715d",
  "fields": {
    "name": "Réponse libre"
  }
},
{
  "model": "project.mcqanswer",
  "pk": "2cdd449f-84da-4174-a876-d6bf4f753952",
  "fields": {
    "wording": "De temps en temps (quelques fois par mois)",
    "question": "0f54fa8e-3e1c-4a30-96a8-6632b73f9180"
  }
},
{
  "model": "project.mcqanswer",
  "pk": "34f3b819-b9fb-424c-aae3-618654ef969f",
  "fields": {
    "wording": "Moyenne",
    "question": "47865c9e-0273-4311-8937-35ce05dfd692"
  }
},
{
  "model": "project.mcqanswer",
  "pk": "38d7fb5e-898b-4402-bcde-6a9edc4824b4",
  "fields": {
    "wording": "Oui si le signalement pour les automobilistes est suffisant",
    "question": "8b74b928-c678-4802-9e31-7b0212599891"
  }
},
{
  "model": "project.mcqanswer",
  "pk": "7e9237b6-a93e-4a73-a9f9-c81cda040473",
  "fields": {
    "wording": "Bonne",
    "question": "47865c9e-0273-4311-8937-35ce05dfd692"
  }
},
{
  "model": "project.mcqanswer",
  "pk": "7fb235cd-31e4-4df3-8a7e-cd877a16b737",
  "fields": {
    "wording": "Rarement (quelques fois par an)",
    "question": "0f54fa8e-3e1c-4a30-96a8-6632b73f9180"
  }
},
{
  "model": "project.mcqanswer",
  "pk": "82418c8f-aceb-464b-adde-1197cf20c2c5",
  "fields": {
    "wording": "Parfaite",
    "question": "47865c9e-0273-4311-8937-35ce05dfd692"
  }
},
{
  "model": "project.mcqanswer",
  "pk": "86217dc9-6774-4912-b218-a3db1240d17b",
  "fields": {
    "wording": "Très souvent (tous les jours ou presque)",
    "question": "0f54fa8e-3e1c-4a30-96a8-6632b73f9180"
  }
},
{
  "model": "project.mcqanswer",
  "pk": "903ae790-16b6-4780-af51-c040c1ad6f97",
  "fields": {
    "wording": "Souvent (au moins deux fois par semaine)",
    "question": "0f54fa8e-3e1c-4a30-96a8-6632b73f9180"
  }
},
{
  "model": "project.mcqanswer",
  "pk": "b3246140-6cbe-4f86-9b14-67d64599d2f1",
  "fields": {
    "wording": "Peut-être mais pas de manière naturelle",
    "question": "8b74b928-c678-4802-9e31-7b0212599891"
  }
},
{
  "model": "project.mcqanswer",
  "pk": "cb39a08c-6f6f-4d74-8d5d-2ff15cf6bc67",
  "fields": {
    "wording": "Inutile",
    "question": "47865c9e-0273-4311-8937-35ce05dfd692"
  }
},
{
  "model": "project.mcqanswer",
  "pk": "d4823ecf-bfbc-4231-84c8-c501cea54a2b",
  "fields": {
    "wording": "Non, je ne trouve pas cela sécurisant",
    "question": "8b74b928-c678-4802-9e31-7b0212599891"
  }
},
{
  "model": "project.mcqanswer",
  "pk": "db8c3f20-cd7e-4bd9-82cd-21ff615c9a39",
  "fields": {
    "wording": "Bien sûr, cela me permettra de gagner du temps",
    "question": "8b74b928-c678-4802-9e31-7b0212599891"
  }
},
{
  "model": "project.mcqanswer",
  "pk": "f2135a9d-6c9a-4170-9cf9-e57bdf459dd0",
  "fields": {
    "wording": "Jamais",
    "question": "0f54fa8e-3e1c-4a30-96a8-6632b73f9180"
  }
},
{
  "model": "project.useranswer",
  "pk": "13c19516-dd7a-478c-bbfc-15b9beb5d4e7",
  "fields": {
    "owner": "59f4ec2c-f072-4bf2-adfc-05b56b6c5842",
    "question": "0f54fa8e-3e1c-4a30-96a8-6632b73f9180",
    "answer": "De temps en temps (quelques fois par mois)"
  }
},
{
  "model": "project.useranswer",
  "pk": "5080858f-538e-4c2d-bcdf-ff034bb96802",
  "fields": {
    "owner": "59f4ec2c-f072-4bf2-adfc-05b56b6c5842",
    "question": "8b74b928-c678-4802-9e31-7b0212599891",
    "answer": "Oui si le signalement pour les automobilistes est suffisant"
  }
},
{
  "model": "project.useranswer",
  "pk": "8a6551fd-1a53-4e5c-84f9-ecf5c4c2a141",
  "fields": {
    "owner": "cf3e493d-de34-4bab-8e91-b4f3a646b118",
    "question": "8b74b928-c678-4802-9e31-7b0212599891",
    "answer": "Non, je ne trouve pas cela sécurisant"
  }
},
{
  "model": "project.useranswer",
  "pk": "a2076c78-6077-4ce9-81d5-87e0ed4598a1",
  "fields": {
    "owner": "cf3e493d-de34-4bab-8e91-b4f3a646b118",
    "question": "0f19c588-2e85-4453-b0a7-91b1c96f7f8b",
    "answer": "Toujours à contrôler la vitesse au lieu de nous protéger !"
  }
},
{
  "model": "project.useranswer",
  "pk": "aa58ddaa-de78-4139-93c2-6ea019b97481",
  "fields": {
    "owner": "cf3e493d-de34-4bab-8e91-b4f3a646b118",
    "question": "0f54fa8e-3e1c-4a30-96a8-6632b73f9180",
    "answer": "Rarement (quelques fois par an)"
  }
},
{
  "model": "project.useranswer",
  "pk": "b79de022-b1c2-45ff-94d3-f5a76efb79a7",
  "fields": {
    "owner": "59f4ec2c-f072-4bf2-adfc-05b56b6c5842",
    "question": "be1c17b2-f5eb-4349-8965-2f25f18e83cc",
    "answer": "Non"
  }
},
{
  "model": "project.useranswer",
  "pk": "be48b11f-3cab-4d66-9c6e-ce87f8c9859b",
  "fields": {
    "owner": "27e54a1a-7ee0-4bc1-9200-8b92574dc21d",
    "question": "0f54fa8e-3e1c-4a30-96a8-6632b73f9180",
    "answer": "Jamais"
  }
},
{
  "model": "project.useranswer",
  "pk": "c896d949-ba07-4453-a696-87fa26d4b56b",
  "fields": {
    "owner": "cf3e493d-de34-4bab-8e91-b4f3a646b118",
    "question": "47865c9e-0273-4311-8937-35ce05dfd692",
    "answer": "Moyenne"
  }
},
{
  "model": "project.useranswer",
  "pk": "e2b36645-8ac5-4b0d-a709-8dbd7db97657",
  "fields": {
    "owner": "cf3e493d-de34-4bab-8e91-b4f3a646b118",
    "question": "be1c17b2-f5eb-4349-8965-2f25f18e83cc",
    "answer": "Non car les cyclistes roulent en général encore moins bien que les automobilistes."
  }
},
{
  "model": "project.useranswer",
  "pk": "f9312ed5-c507-48b1-b47a-68eec97cfe1a",
  "fields": {
    "owner": "27e54a1a-7ee0-4bc1-9200-8b92574dc21d",
    "question": "8b74b928-c678-4802-9e31-7b0212599891",
    "answer": "Non, je ne trouve pas cela sécurisant"
  }
},
{
  "model": "project.useranswer",
  "pk": "fdff33a2-b77c-4148-b38d-7c43d3e9148d",
  "fields": {
    "owner": "27e54a1a-7ee0-4bc1-9200-8b92574dc21d",
    "question": "be1c17b2-f5eb-4349-8965-2f25f18e83cc",
    "answer": "Non"
  }
},
{
  "model": "project.comment",
  "pk": "b9eb8967-11fc-45f9-8d69-92ce665a4e3c",
  "fields": {
    "owner": "cf3e493d-de34-4bab-8e91-b4f3a646b118",
    "text": "Totalement d'accord, les fans méritent de pouvoir assister aux matchs dans un stade plus confortable et plus grand !!",
    "project": "156f0ec8-7d8b-42e5-a184-c3a3573d4ba4",
    "publication": "2021-08-30T21:01:41.775Z"
  }
},
{
  "model": "project.comment",
  "pk": "d32504ca-faa8-4ecb-8233-434ea9586b10",
  "fields": {
    "owner": "59f4ec2c-f072-4bf2-adfc-05b56b6c5842",
    "text": "Etant supporter de l'Olympique de Mickeyville je suis néanmoins d'accord que le stade de Donaldville mérite un coup de frais, il est vétuste et petit, indigne d'un club qui vise la montée en deuxième division.",
    "project": "156f0ec8-7d8b-42e5-a184-c3a3573d4ba4",
    "publication": "2021-08-30T20:59:51.881Z"
  }
},
{
  "model": "token_blacklist.outstandingtoken",
  "pk": 1,
  "fields": {
    "user": "cf3e493d-de34-4bab-8e91-b4f3a646b118",
    "jti": "2e28cb68962846cab699668397c30478",
    "token": "eyJ0eXAiOiJKV1QiLCJhbGciOiJIUzI1NiJ9.eyJ0b2tlbl90eXBlIjoicmVmcmVzaCIsImV4cCI6MTYyODQxNzIzMCwianRpIjoiMmUyOGNiNjg5NjI4NDZjYWI2OTk2NjgzOTdjMzA0NzgiLCJ1c2VyX2lkIjoiY2YzZTQ5M2QtZGUzNC00YmFiLThlOTEtYjRmM2E2NDZiMTE4In0.sD1qz7QtcciB3SfYEFMlHaip-8kG5-HwKl-R2jNi5qY",
    "created_at": "2021-08-07T10:07:10.550Z",
    "expires_at": "2021-08-08T10:07:10Z"
  }
},
{
  "model": "token_blacklist.outstandingtoken",
  "pk": 2,
  "fields": {
    "user": "27e54a1a-7ee0-4bc1-9200-8b92574dc21d",
    "jti": "1d3949bf6c81478db738b28de3537673",
    "token": "eyJ0eXAiOiJKV1QiLCJhbGciOiJIUzI1NiJ9.eyJ0b2tlbl90eXBlIjoicmVmcmVzaCIsImV4cCI6MTYyODQxNzI5NiwianRpIjoiMWQzOTQ5YmY2YzgxNDc4ZGI3MzhiMjhkZTM1Mzc2NzMiLCJ1c2VyX2lkIjoiMjdlNTRhMWEtN2VlMC00YmMxLTkyMDAtOGI5MjU3NGRjMjFkIn0._k7EF51y45f5p2EulpN5F5jrlFFiiM-wNtUoGurql9g",
    "created_at": "2021-08-07T10:08:16.191Z",
    "expires_at": "2021-08-08T10:08:16Z"
  }
},
{
  "model": "token_blacklist.outstandingtoken",
  "pk": 3,
  "fields": {
    "user": "cf3e493d-de34-4bab-8e91-b4f3a646b118",
    "jti": "7503d44025404b27abd80c7b1f9547b5",
    "token": "eyJ0eXAiOiJKV1QiLCJhbGciOiJIUzI1NiJ9.eyJ0b2tlbl90eXBlIjoicmVmcmVzaCIsImV4cCI6MTYyODQ0MDQ1NywianRpIjoiNzUwM2Q0NDAyNTQwNGIyN2FiZDgwYzdiMWY5NTQ3YjUiLCJ1c2VyX2lkIjoiY2YzZTQ5M2QtZGUzNC00YmFiLThlOTEtYjRmM2E2NDZiMTE4In0.4Yn4X4P6fw1O2GqQGN-NWu3wkm0w6KVm-4nwh3FZLeU",
    "created_at": "2021-08-07T16:34:17.965Z",
    "expires_at": "2021-08-08T16:34:17Z"
  }
},
{
  "model": "token_blacklist.outstandingtoken",
  "pk": 4,
  "fields": {
    "user": "27e54a1a-7ee0-4bc1-9200-8b92574dc21d",
    "jti": "1eb84745a2354fdfb12c445d360f4163",
    "token": "eyJ0eXAiOiJKV1QiLCJhbGciOiJIUzI1NiJ9.eyJ0b2tlbl90eXBlIjoicmVmcmVzaCIsImV4cCI6MTYyODQ0MDg0MCwianRpIjoiMWViODQ3NDVhMjM1NGZkZmIxMmM0NDVkMzYwZjQxNjMiLCJ1c2VyX2lkIjoiMjdlNTRhMWEtN2VlMC00YmMxLTkyMDAtOGI5MjU3NGRjMjFkIn0.2GfY_ei0fOy7vthO2UXgrW7KCZ_q-RjKHAahom0iiD0",
    "created_at": "2021-08-07T16:40:40.698Z",
    "expires_at": "2021-08-08T16:40:40Z"
  }
},
{
  "model": "token_blacklist.outstandingtoken",
  "pk": 5,
  "fields": {
    "user": "27e54a1a-7ee0-4bc1-9200-8b92574dc21d",
    "jti": "19d903fd74e14bc5982177d65d232bd4",
    "token": "eyJ0eXAiOiJKV1QiLCJhbGciOiJIUzI1NiJ9.eyJ0b2tlbl90eXBlIjoicmVmcmVzaCIsImV4cCI6MTYyODQ0MDg1MSwianRpIjoiMTlkOTAzZmQ3NGUxNGJjNTk4MjE3N2Q2NWQyMzJiZDQiLCJ1c2VyX2lkIjoiMjdlNTRhMWEtN2VlMC00YmMxLTkyMDAtOGI5MjU3NGRjMjFkIn0.fguwJF0GkzJTbKFZpPPzg-QDn8DLGltz6VMRGY0FkpM",
    "created_at": "2021-08-07T16:40:51.215Z",
    "expires_at": "2021-08-08T16:40:51Z"
  }
},
{
  "model": "token_blacklist.outstandingtoken",
  "pk": 6,
  "fields": {
    "user": "27e54a1a-7ee0-4bc1-9200-8b92574dc21d",
    "jti": "99d5283bde64495f8a4441b85320bb7c",
    "token": "eyJ0eXAiOiJKV1QiLCJhbGciOiJIUzI1NiJ9.eyJ0b2tlbl90eXBlIjoicmVmcmVzaCIsImV4cCI6MTYyODQ0MjY0NSwianRpIjoiOTlkNTI4M2JkZTY0NDk1ZjhhNDQ0MWI4NTMyMGJiN2MiLCJ1c2VyX2lkIjoiMjdlNTRhMWEtN2VlMC00YmMxLTkyMDAtOGI5MjU3NGRjMjFkIn0.MJFv_hp40m31YJGUkZ2AHCuCgPWc1mJl9JK3jkdR8No",
    "created_at": "2021-08-07T17:10:45.331Z",
    "expires_at": "2021-08-08T17:10:45Z"
  }
},
{
  "model": "token_blacklist.outstandingtoken",
  "pk": 7,
  "fields": {
    "user": "27e54a1a-7ee0-4bc1-9200-8b92574dc21d",
    "jti": "70a2eceb74764367b458a3aed2d6292b",
    "token": "eyJ0eXAiOiJKV1QiLCJhbGciOiJIUzI1NiJ9.eyJ0b2tlbl90eXBlIjoicmVmcmVzaCIsImV4cCI6MTYyODUxMzMyNSwianRpIjoiNzBhMmVjZWI3NDc2NDM2N2I0NThhM2FlZDJkNjI5MmIiLCJ1c2VyX2lkIjoiMjdlNTRhMWEtN2VlMC00YmMxLTkyMDAtOGI5MjU3NGRjMjFkIn0.9FGaioDKo0QUnI_-PvvTkdlaj3wqtpMJDYwWN8pvmiU",
    "created_at": "2021-08-08T12:48:45.900Z",
    "expires_at": "2021-08-09T12:48:45Z"
  }
},
{
  "model": "token_blacklist.outstandingtoken",
  "pk": 8,
  "fields": {
    "user": "27e54a1a-7ee0-4bc1-9200-8b92574dc21d",
    "jti": "ea345ad8deb84eea997507107cefb528",
    "token": "eyJ0eXAiOiJKV1QiLCJhbGciOiJIUzI1NiJ9.eyJ0b2tlbl90eXBlIjoicmVmcmVzaCIsImV4cCI6MTYyODU4NDkwOSwianRpIjoiZWEzNDVhZDhkZWI4NGVlYTk5NzUwNzEwN2NlZmI1MjgiLCJ1c2VyX2lkIjoiMjdlNTRhMWEtN2VlMC00YmMxLTkyMDAtOGI5MjU3NGRjMjFkIn0.O6A9NGTdwosl8aYqbiUgYHUBHHAfuXO1UIUKCTSyNHA",
    "created_at": "2021-08-09T08:41:49.466Z",
    "expires_at": "2021-08-10T08:41:49Z"
  }
},
{
  "model": "token_blacklist.outstandingtoken",
  "pk": 9,
  "fields": {
    "user": "27e54a1a-7ee0-4bc1-9200-8b92574dc21d",
    "jti": "00008d56c6344073b3d06fc58620add9",
    "token": "eyJ0eXAiOiJKV1QiLCJhbGciOiJIUzI1NiJ9.eyJ0b2tlbl90eXBlIjoicmVmcmVzaCIsImV4cCI6MTYyODYxOTQ2MywianRpIjoiMDAwMDhkNTZjNjM0NDA3M2IzZDA2ZmM1ODYyMGFkZDkiLCJ1c2VyX2lkIjoiMjdlNTRhMWEtN2VlMC00YmMxLTkyMDAtOGI5MjU3NGRjMjFkIn0.ORGPfpOatxgHIibAglz2bNFwHKJ8GkXXsv8xOXKu1VQ",
    "created_at": "2021-08-09T18:17:43.782Z",
    "expires_at": "2021-08-10T18:17:43Z"
  }
},
{
  "model": "token_blacklist.outstandingtoken",
  "pk": 10,
  "fields": {
    "user": "cf3e493d-de34-4bab-8e91-b4f3a646b118",
    "jti": "2fd0fea5837244b9a978bf2c56520765",
    "token": "eyJ0eXAiOiJKV1QiLCJhbGciOiJIUzI1NiJ9.eyJ0b2tlbl90eXBlIjoicmVmcmVzaCIsImV4cCI6MTYyODYxOTg0NSwianRpIjoiMmZkMGZlYTU4MzcyNDRiOWE5NzhiZjJjNTY1MjA3NjUiLCJ1c2VyX2lkIjoiY2YzZTQ5M2QtZGUzNC00YmFiLThlOTEtYjRmM2E2NDZiMTE4In0.swSpw-FxhVQ-qi2AIULpPSLTJzDxzGtX7UMP8u7TkOA",
    "created_at": "2021-08-09T18:24:05.556Z",
    "expires_at": "2021-08-10T18:24:05Z"
  }
},
{
  "model": "token_blacklist.outstandingtoken",
  "pk": 11,
  "fields": {
    "user": "27e54a1a-7ee0-4bc1-9200-8b92574dc21d",
    "jti": "3fbe815aa5d2460d975e4be6805ab019",
    "token": "eyJ0eXAiOiJKV1QiLCJhbGciOiJIUzI1NiJ9.eyJ0b2tlbl90eXBlIjoicmVmcmVzaCIsImV4cCI6MTYyODYxOTg2NCwianRpIjoiM2ZiZTgxNWFhNWQyNDYwZDk3NWU0YmU2ODA1YWIwMTkiLCJ1c2VyX2lkIjoiMjdlNTRhMWEtN2VlMC00YmMxLTkyMDAtOGI5MjU3NGRjMjFkIn0.TxHXHHFmYhqNvXZJ8MwCniQoCT3drCthZoAj-EBfJCc",
    "created_at": "2021-08-09T18:24:24.214Z",
    "expires_at": "2021-08-10T18:24:24Z"
  }
},
{
  "model": "token_blacklist.outstandingtoken",
  "pk": 12,
  "fields": {
    "user": "27e54a1a-7ee0-4bc1-9200-8b92574dc21d",
    "jti": "cef96c91c1b141ffa384daf58a749042",
    "token": "eyJ0eXAiOiJKV1QiLCJhbGciOiJIUzI1NiJ9.eyJ0b2tlbl90eXBlIjoicmVmcmVzaCIsImV4cCI6MTYyODY3NTg5MywianRpIjoiY2VmOTZjOTFjMWIxNDFmZmEzODRkYWY1OGE3NDkwNDIiLCJ1c2VyX2lkIjoiMjdlNTRhMWEtN2VlMC00YmMxLTkyMDAtOGI5MjU3NGRjMjFkIn0.VX9FAzW2plAMYVDAcGF9XC61Wndk0TEph9As14FU3YI",
    "created_at": "2021-08-10T09:58:13.752Z",
    "expires_at": "2021-08-11T09:58:13Z"
  }
},
{
  "model": "token_blacklist.outstandingtoken",
  "pk": 13,
  "fields": {
    "user": "27e54a1a-7ee0-4bc1-9200-8b92574dc21d",
    "jti": "91e387a134a847d39ea6b97ec0594f26",
    "token": "eyJ0eXAiOiJKV1QiLCJhbGciOiJIUzI1NiJ9.eyJ0b2tlbl90eXBlIjoicmVmcmVzaCIsImV4cCI6MTYyODcxMDExMiwianRpIjoiOTFlMzg3YTEzNGE4NDdkMzllYTZiOTdlYzA1OTRmMjYiLCJ1c2VyX2lkIjoiMjdlNTRhMWEtN2VlMC00YmMxLTkyMDAtOGI5MjU3NGRjMjFkIn0.cFJtProlRkD-G9iMTA_dbpWtkNu0jmJzg9IXiVuxhoA",
    "created_at": "2021-08-10T19:28:32.073Z",
    "expires_at": "2021-08-11T19:28:32Z"
  }
},
{
  "model": "token_blacklist.outstandingtoken",
  "pk": 14,
  "fields": {
    "user": "27e54a1a-7ee0-4bc1-9200-8b92574dc21d",
    "jti": "c44453e4ad364e5dbfd2796c58b972f6",
    "token": "eyJ0eXAiOiJKV1QiLCJhbGciOiJIUzI1NiJ9.eyJ0b2tlbl90eXBlIjoicmVmcmVzaCIsImV4cCI6MTYyODc1NzI5MSwianRpIjoiYzQ0NDUzZTRhZDM2NGU1ZGJmZDI3OTZjNThiOTcyZjYiLCJ1c2VyX2lkIjoiMjdlNTRhMWEtN2VlMC00YmMxLTkyMDAtOGI5MjU3NGRjMjFkIn0.F_eaydGrNKZNzfChPTEF5mtW8itKFU5-f9fC-GjEi2w",
    "created_at": "2021-08-11T08:34:51.532Z",
    "expires_at": "2021-08-12T08:34:51Z"
  }
},
{
  "model": "token_blacklist.outstandingtoken",
  "pk": 15,
  "fields": {
    "user": "27e54a1a-7ee0-4bc1-9200-8b92574dc21d",
    "jti": "4f2afae2141a4410932f4866608e7686",
    "token": "eyJ0eXAiOiJKV1QiLCJhbGciOiJIUzI1NiJ9.eyJ0b2tlbl90eXBlIjoicmVmcmVzaCIsImV4cCI6MTYyODc5MDYyMywianRpIjoiNGYyYWZhZTIxNDFhNDQxMDkzMmY0ODY2NjA4ZTc2ODYiLCJ1c2VyX2lkIjoiMjdlNTRhMWEtN2VlMC00YmMxLTkyMDAtOGI5MjU3NGRjMjFkIn0.2JpzXwGEDedy0lmj-5L4VYP1AZdWC31KOiF8s7Nb1Ck",
    "created_at": "2021-08-11T17:50:23.947Z",
    "expires_at": "2021-08-12T17:50:23Z"
  }
},
{
  "model": "token_blacklist.outstandingtoken",
  "pk": 16,
  "fields": {
    "user": "27e54a1a-7ee0-4bc1-9200-8b92574dc21d",
    "jti": "57c1849a84db41c2aec5790bed683bb4",
    "token": "eyJ0eXAiOiJKV1QiLCJhbGciOiJIUzI1NiJ9.eyJ0b2tlbl90eXBlIjoicmVmcmVzaCIsImV4cCI6MTYyODg0NDMyMCwianRpIjoiNTdjMTg0OWE4NGRiNDFjMmFlYzU3OTBiZWQ2ODNiYjQiLCJ1c2VyX2lkIjoiMjdlNTRhMWEtN2VlMC00YmMxLTkyMDAtOGI5MjU3NGRjMjFkIn0.btr_352RtlM2pE8mtx7ezDFQWoc_gEflJcPeGBqkcC0",
    "created_at": "2021-08-12T08:45:20.666Z",
    "expires_at": "2021-08-13T08:45:20Z"
  }
},
{
  "model": "token_blacklist.outstandingtoken",
  "pk": 17,
  "fields": {
    "user": "27e54a1a-7ee0-4bc1-9200-8b92574dc21d",
    "jti": "3ba016d0f8c544c68b168613817e1bce",
    "token": "eyJ0eXAiOiJKV1QiLCJhbGciOiJIUzI1NiJ9.eyJ0b2tlbl90eXBlIjoicmVmcmVzaCIsImV4cCI6MTYyODg3ODE5MiwianRpIjoiM2JhMDE2ZDBmOGM1NDRjNjhiMTY4NjEzODE3ZTFiY2UiLCJ1c2VyX2lkIjoiMjdlNTRhMWEtN2VlMC00YmMxLTkyMDAtOGI5MjU3NGRjMjFkIn0.fIFc5PojuO2iagZ305tyj_qDnWOW5vcl9FpJKVXrxVA",
    "created_at": "2021-08-12T18:09:52.055Z",
    "expires_at": "2021-08-13T18:09:52Z"
  }
},
{
  "model": "token_blacklist.outstandingtoken",
  "pk": 18,
  "fields": {
    "user": "27e54a1a-7ee0-4bc1-9200-8b92574dc21d",
    "jti": "3d2c3536db734d2ca251425052430774",
    "token": "eyJ0eXAiOiJKV1QiLCJhbGciOiJIUzI1NiJ9.eyJ0b2tlbl90eXBlIjoicmVmcmVzaCIsImV4cCI6MTYyODg3OTUxOSwianRpIjoiM2QyYzM1MzZkYjczNGQyY2EyNTE0MjUwNTI0MzA3NzQiLCJ1c2VyX2lkIjoiMjdlNTRhMWEtN2VlMC00YmMxLTkyMDAtOGI5MjU3NGRjMjFkIn0.kcTM1B97UV1ei82_EQnTbvcm3PCDonUscDKsA6qAIRk",
    "created_at": "2021-08-12T18:31:59.580Z",
    "expires_at": "2021-08-13T18:31:59Z"
  }
},
{
  "model": "token_blacklist.outstandingtoken",
  "pk": 19,
  "fields": {
    "user": "27e54a1a-7ee0-4bc1-9200-8b92574dc21d",
    "jti": "e71cb8e892e5477685a29ca72ea387d1",
    "token": "eyJ0eXAiOiJKV1QiLCJhbGciOiJIUzI1NiJ9.eyJ0b2tlbl90eXBlIjoicmVmcmVzaCIsImV4cCI6MTYyODkzMjA3NiwianRpIjoiZTcxY2I4ZTg5MmU1NDc3Njg1YTI5Y2E3MmVhMzg3ZDEiLCJ1c2VyX2lkIjoiMjdlNTRhMWEtN2VlMC00YmMxLTkyMDAtOGI5MjU3NGRjMjFkIn0.CQK6it7z4pAEuQg2iFhCTem7jPvdLnhbjaa-cTpiX3k",
    "created_at": "2021-08-13T09:07:56.855Z",
    "expires_at": "2021-08-14T09:07:56Z"
  }
},
{
  "model": "token_blacklist.outstandingtoken",
  "pk": 20,
  "fields": {
    "user": "cf3e493d-de34-4bab-8e91-b4f3a646b118",
    "jti": "6d38245ba58a432bb0d43906a2a5b57a",
    "token": "eyJ0eXAiOiJKV1QiLCJhbGciOiJIUzI1NiJ9.eyJ0b2tlbl90eXBlIjoicmVmcmVzaCIsImV4cCI6MTYyODkzNzQyNCwianRpIjoiNmQzODI0NWJhNThhNDMyYmIwZDQzOTA2YTJhNWI1N2EiLCJ1c2VyX2lkIjoiY2YzZTQ5M2QtZGUzNC00YmFiLThlOTEtYjRmM2E2NDZiMTE4In0.JYXISRjcbx92QctWMBfVg1TCxKef5NCllCtV6MVCMSg",
    "created_at": "2021-08-13T10:37:04.610Z",
    "expires_at": "2021-08-14T10:37:04Z"
  }
},
{
  "model": "token_blacklist.outstandingtoken",
  "pk": 21,
  "fields": {
    "user": "59f4ec2c-f072-4bf2-adfc-05b56b6c5842",
    "jti": "985c69822c9a4b2696503c52e5530111",
    "token": "eyJ0eXAiOiJKV1QiLCJhbGciOiJIUzI1NiJ9.eyJ0b2tlbl90eXBlIjoicmVmcmVzaCIsImV4cCI6MTYyODk0MjM0MSwianRpIjoiOTg1YzY5ODIyYzlhNGIyNjk2NTAzYzUyZTU1MzAxMTEiLCJ1c2VyX2lkIjoiNTlmNGVjMmMtZjA3Mi00YmYyLWFkZmMtMDViNTZiNmM1ODQyIn0.dKsNeXM7vRTlcW-yAWRPDdplJD2v_Ldr2zEozEQoEZc",
    "created_at": "2021-08-13T11:59:01.258Z",
    "expires_at": "2021-08-14T11:59:01Z"
  }
},
{
  "model": "token_blacklist.outstandingtoken",
  "pk": 22,
  "fields": {
    "user": "27e54a1a-7ee0-4bc1-9200-8b92574dc21d",
    "jti": "e43b1e3d167c4c2c83c7bbc49c538b80",
    "token": "eyJ0eXAiOiJKV1QiLCJhbGciOiJIUzI1NiJ9.eyJ0b2tlbl90eXBlIjoicmVmcmVzaCIsImV4cCI6MTYyODk0NDEwOCwianRpIjoiZTQzYjFlM2QxNjdjNGMyYzgzYzdiYmM0OWM1MzhiODAiLCJ1c2VyX2lkIjoiMjdlNTRhMWEtN2VlMC00YmMxLTkyMDAtOGI5MjU3NGRjMjFkIn0.UpXYS9HM66Lq9pDSus6n5vprusYI-kFNWN_9dnW-K0o",
    "created_at": "2021-08-13T12:28:28.036Z",
    "expires_at": "2021-08-14T12:28:28Z"
  }
},
{
  "model": "token_blacklist.outstandingtoken",
  "pk": 23,
  "fields": {
    "user": "cf3e493d-de34-4bab-8e91-b4f3a646b118",
    "jti": "181bace773784211833877ad6f66ecc5",
    "token": "eyJ0eXAiOiJKV1QiLCJhbGciOiJIUzI1NiJ9.eyJ0b2tlbl90eXBlIjoicmVmcmVzaCIsImV4cCI6MTYyODk0NDc0MSwianRpIjoiMTgxYmFjZTc3Mzc4NDIxMTgzMzg3N2FkNmY2NmVjYzUiLCJ1c2VyX2lkIjoiY2YzZTQ5M2QtZGUzNC00YmFiLThlOTEtYjRmM2E2NDZiMTE4In0.QBCROkUnT6VeW14sPXi60Ut0r02XelXyMGxQMRPcsj4",
    "created_at": "2021-08-13T12:39:01.460Z",
    "expires_at": "2021-08-14T12:39:01Z"
  }
},
{
  "model": "token_blacklist.outstandingtoken",
  "pk": 24,
  "fields": {
    "user": "27e54a1a-7ee0-4bc1-9200-8b92574dc21d",
    "jti": "882d54921b0c4c0aa676c352917dab9f",
    "token": "eyJ0eXAiOiJKV1QiLCJhbGciOiJIUzI1NiJ9.eyJ0b2tlbl90eXBlIjoicmVmcmVzaCIsImV4cCI6MTYyODk0NDg0MCwianRpIjoiODgyZDU0OTIxYjBjNGMwYWE2NzZjMzUyOTE3ZGFiOWYiLCJ1c2VyX2lkIjoiMjdlNTRhMWEtN2VlMC00YmMxLTkyMDAtOGI5MjU3NGRjMjFkIn0.rDJ6RDYgHl2DRThoJxzhjCXLVWPPkCSZe9jSNIKbB6k",
    "created_at": "2021-08-13T12:40:40.691Z",
    "expires_at": "2021-08-14T12:40:40Z"
  }
},
{
  "model": "token_blacklist.outstandingtoken",
  "pk": 25,
  "fields": {
    "user": "27e54a1a-7ee0-4bc1-9200-8b92574dc21d",
    "jti": "2792ec80c4ec4c069d06dbdc9aa6d0e3",
    "token": "eyJ0eXAiOiJKV1QiLCJhbGciOiJIUzI1NiJ9.eyJ0b2tlbl90eXBlIjoicmVmcmVzaCIsImV4cCI6MTYyOTE4OTIyNSwianRpIjoiMjc5MmVjODBjNGVjNGMwNjlkMDZkYmRjOWFhNmQwZTMiLCJ1c2VyX2lkIjoiMjdlNTRhMWEtN2VlMC00YmMxLTkyMDAtOGI5MjU3NGRjMjFkIn0.miDEOZMvKJg3wq3NDTmh9fvPVEns4HIA3xDnwmJsRSM",
    "created_at": "2021-08-16T08:33:45.511Z",
    "expires_at": "2021-08-17T08:33:45Z"
  }
},
{
  "model": "token_blacklist.outstandingtoken",
  "pk": 26,
  "fields": {
    "user": "27e54a1a-7ee0-4bc1-9200-8b92574dc21d",
    "jti": "4b05a7124b934637bef676be00516f36",
    "token": "eyJ0eXAiOiJKV1QiLCJhbGciOiJIUzI1NiJ9.eyJ0b2tlbl90eXBlIjoicmVmcmVzaCIsImV4cCI6MTYyOTE4OTI1NCwianRpIjoiNGIwNWE3MTI0YjkzNDYzN2JlZjY3NmJlMDA1MTZmMzYiLCJ1c2VyX2lkIjoiMjdlNTRhMWEtN2VlMC00YmMxLTkyMDAtOGI5MjU3NGRjMjFkIn0.i_u-u558kYQuXjjJSD5_dDjpz-s-nIaA1-P34hXUiJc",
    "created_at": "2021-08-16T08:34:14.538Z",
    "expires_at": "2021-08-17T08:34:14Z"
  }
},
{
  "model": "token_blacklist.outstandingtoken",
  "pk": 27,
  "fields": {
    "user": "27e54a1a-7ee0-4bc1-9200-8b92574dc21d",
    "jti": "417ed6845a9c477c926b1bddaf397a77",
    "token": "eyJ0eXAiOiJKV1QiLCJhbGciOiJIUzI1NiJ9.eyJ0b2tlbl90eXBlIjoicmVmcmVzaCIsImV4cCI6MTYyOTIxNjAzOSwianRpIjoiNDE3ZWQ2ODQ1YTljNDc3YzkyNmIxYmRkYWYzOTdhNzciLCJ1c2VyX2lkIjoiMjdlNTRhMWEtN2VlMC00YmMxLTkyMDAtOGI5MjU3NGRjMjFkIn0.KPqqRyo-UundWktM1Ms9S7rPHxeyykQb3-ezeGhFvt8",
    "created_at": "2021-08-16T16:00:39.037Z",
    "expires_at": "2021-08-17T16:00:39Z"
  }
},
{
  "model": "token_blacklist.outstandingtoken",
  "pk": 28,
  "fields": {
    "user": "27e54a1a-7ee0-4bc1-9200-8b92574dc21d",
    "jti": "2fc02d07dd7d48289c8aa92de2405a43",
    "token": "eyJ0eXAiOiJKV1QiLCJhbGciOiJIUzI1NiJ9.eyJ0b2tlbl90eXBlIjoicmVmcmVzaCIsImV4cCI6MTYyOTI3NzE1NywianRpIjoiMmZjMDJkMDdkZDdkNDgyODljOGFhOTJkZTI0MDVhNDMiLCJ1c2VyX2lkIjoiMjdlNTRhMWEtN2VlMC00YmMxLTkyMDAtOGI5MjU3NGRjMjFkIn0.vt_Zip7ZPfi0ILRXNPyx8LFoVIR31UsIYPq4IBFvYkY",
    "created_at": "2021-08-17T08:59:17.988Z",
    "expires_at": "2021-08-18T08:59:17Z"
  }
},
{
  "model": "token_blacklist.outstandingtoken",
  "pk": 29,
  "fields": {
    "user": "27e54a1a-7ee0-4bc1-9200-8b92574dc21d",
    "jti": "13f57b1155784ff3bbaa5c2addb2c9fa",
    "token": "eyJ0eXAiOiJKV1QiLCJhbGciOiJIUzI1NiJ9.eyJ0b2tlbl90eXBlIjoicmVmcmVzaCIsImV4cCI6MTYyOTMxNjQ3NSwianRpIjoiMTNmNTdiMTE1NTc4NGZmM2JiYWE1YzJhZGRiMmM5ZmEiLCJ1c2VyX2lkIjoiMjdlNTRhMWEtN2VlMC00YmMxLTkyMDAtOGI5MjU3NGRjMjFkIn0.0iu1MKFqZ8qEy1wl7XlzbedzkAfmxGlj6e4u_zkg044",
    "created_at": "2021-08-17T19:54:35.658Z",
    "expires_at": "2021-08-18T19:54:35Z"
  }
},
{
  "model": "token_blacklist.outstandingtoken",
  "pk": 30,
  "fields": {
    "user": "27e54a1a-7ee0-4bc1-9200-8b92574dc21d",
    "jti": "418ebb81d8f04d78a0428645eeb4a9c2",
    "token": "eyJ0eXAiOiJKV1QiLCJhbGciOiJIUzI1NiJ9.eyJ0b2tlbl90eXBlIjoicmVmcmVzaCIsImV4cCI6MTYyOTM3NjE0NCwianRpIjoiNDE4ZWJiODFkOGYwNGQ3OGEwNDI4NjQ1ZWViNGE5YzIiLCJ1c2VyX2lkIjoiMjdlNTRhMWEtN2VlMC00YmMxLTkyMDAtOGI5MjU3NGRjMjFkIn0.Wm9XVp43SR06FbY9VHlAC0m5dcSxxIOXhabDEsYMcQo",
    "created_at": "2021-08-18T12:29:04.058Z",
    "expires_at": "2021-08-19T12:29:04Z"
  }
},
{
  "model": "token_blacklist.outstandingtoken",
  "pk": 31,
  "fields": {
    "user": "27e54a1a-7ee0-4bc1-9200-8b92574dc21d",
    "jti": "3876db071b07407499e5956beca626c5",
    "token": "eyJ0eXAiOiJKV1QiLCJhbGciOiJIUzI1NiJ9.eyJ0b2tlbl90eXBlIjoicmVmcmVzaCIsImV4cCI6MTYyOTQ0ODIxMSwianRpIjoiMzg3NmRiMDcxYjA3NDA3NDk5ZTU5NTZiZWNhNjI2YzUiLCJ1c2VyX2lkIjoiMjdlNTRhMWEtN2VlMC00YmMxLTkyMDAtOGI5MjU3NGRjMjFkIn0.5X84aaorTQpsqFPq3Ly8eqPq2WMErzhXW3Q8Iw3A_60",
    "created_at": "2021-08-19T08:30:11.782Z",
    "expires_at": "2021-08-20T08:30:11Z"
  }
},
{
  "model": "token_blacklist.outstandingtoken",
  "pk": 32,
  "fields": {
    "user": "cf3e493d-de34-4bab-8e91-b4f3a646b118",
    "jti": "51f1a65497b344fa8bff73eaa96aa9ac",
    "token": "eyJ0eXAiOiJKV1QiLCJhbGciOiJIUzI1NiJ9.eyJ0b2tlbl90eXBlIjoicmVmcmVzaCIsImV4cCI6MTYyOTQ0ODYyOCwianRpIjoiNTFmMWE2NTQ5N2IzNDRmYThiZmY3M2VhYTk2YWE5YWMiLCJ1c2VyX2lkIjoiY2YzZTQ5M2QtZGUzNC00YmFiLThlOTEtYjRmM2E2NDZiMTE4In0.u_gqVElADjoHKEJgaWAb33iBPQ4IdEBrzwBHVh7j6rk",
    "created_at": "2021-08-19T08:37:08.826Z",
    "expires_at": "2021-08-20T08:37:08Z"
  }
},
{
  "model": "token_blacklist.outstandingtoken",
  "pk": 33,
  "fields": {
    "user": "59f4ec2c-f072-4bf2-adfc-05b56b6c5842",
    "jti": "f0a3594822e34730ac9e8bca83ab5d95",
    "token": "eyJ0eXAiOiJKV1QiLCJhbGciOiJIUzI1NiJ9.eyJ0b2tlbl90eXBlIjoicmVmcmVzaCIsImV4cCI6MTYyOTQ0ODY5MSwianRpIjoiZjBhMzU5NDgyMmUzNDczMGFjOWU4YmNhODNhYjVkOTUiLCJ1c2VyX2lkIjoiNTlmNGVjMmMtZjA3Mi00YmYyLWFkZmMtMDViNTZiNmM1ODQyIn0.C-nC5bAG5yLijM8qaRgIjY97wW7OkHfS1cXJOyzX-ek",
    "created_at": "2021-08-19T08:38:11.826Z",
    "expires_at": "2021-08-20T08:38:11Z"
  }
},
{
  "model": "token_blacklist.outstandingtoken",
  "pk": 34,
  "fields": {
    "user": "27e54a1a-7ee0-4bc1-9200-8b92574dc21d",
    "jti": "1aabcc6f0e6f43aba7339668da8975c6",
    "token": "eyJ0eXAiOiJKV1QiLCJhbGciOiJIUzI1NiJ9.eyJ0b2tlbl90eXBlIjoicmVmcmVzaCIsImV4cCI6MTYyOTQ0ODczNywianRpIjoiMWFhYmNjNmYwZTZmNDNhYmE3MzM5NjY4ZGE4OTc1YzYiLCJ1c2VyX2lkIjoiMjdlNTRhMWEtN2VlMC00YmMxLTkyMDAtOGI5MjU3NGRjMjFkIn0.SF_5qKK6dNKWVeD8VHmqn8WyGgSBslsJqYZCnlWipoE",
    "created_at": "2021-08-19T08:38:57.618Z",
    "expires_at": "2021-08-20T08:38:57Z"
  }
},
{
  "model": "token_blacklist.outstandingtoken",
  "pk": 35,
  "fields": {
    "user": "27e54a1a-7ee0-4bc1-9200-8b92574dc21d",
    "jti": "715bea07d503477c95792967d36a164b",
    "token": "eyJ0eXAiOiJKV1QiLCJhbGciOiJIUzI1NiJ9.eyJ0b2tlbl90eXBlIjoicmVmcmVzaCIsImV4cCI6MTYyOTQ4ODEzNCwianRpIjoiNzE1YmVhMDdkNTAzNDc3Yzk1NzkyOTY3ZDM2YTE2NGIiLCJ1c2VyX2lkIjoiMjdlNTRhMWEtN2VlMC00YmMxLTkyMDAtOGI5MjU3NGRjMjFkIn0.Yg2kZq4yu2KSE8tnG829mSYoH-TNT53Q2LArvx1mam8",
    "created_at": "2021-08-19T19:35:34.845Z",
    "expires_at": "2021-08-20T19:35:34Z"
  }
},
{
  "model": "token_blacklist.outstandingtoken",
  "pk": 36,
  "fields": {
    "user": "cf3e493d-de34-4bab-8e91-b4f3a646b118",
    "jti": "ba4d0a47300045b5bf78bd6b9e27c80c",
    "token": "eyJ0eXAiOiJKV1QiLCJhbGciOiJIUzI1NiJ9.eyJ0b2tlbl90eXBlIjoicmVmcmVzaCIsImV4cCI6MTYyOTQ4OTk2MSwianRpIjoiYmE0ZDBhNDczMDAwNDViNWJmNzhiZDZiOWUyN2M4MGMiLCJ1c2VyX2lkIjoiY2YzZTQ5M2QtZGUzNC00YmFiLThlOTEtYjRmM2E2NDZiMTE4In0.Y2IGB-bY8Ou4FEi_Rm9kvU9SYfe6pFUl3lpWIYtwNMk",
    "created_at": "2021-08-19T20:06:01.705Z",
    "expires_at": "2021-08-20T20:06:01Z"
  }
},
{
  "model": "token_blacklist.outstandingtoken",
  "pk": 37,
  "fields": {
    "user": "27e54a1a-7ee0-4bc1-9200-8b92574dc21d",
    "jti": "de60eba5cbcc40a0a89ccb426c893cea",
    "token": "eyJ0eXAiOiJKV1QiLCJhbGciOiJIUzI1NiJ9.eyJ0b2tlbl90eXBlIjoicmVmcmVzaCIsImV4cCI6MTYyOTQ5MDA5NiwianRpIjoiZGU2MGViYTVjYmNjNDBhMGE4OWNjYjQyNmM4OTNjZWEiLCJ1c2VyX2lkIjoiMjdlNTRhMWEtN2VlMC00YmMxLTkyMDAtOGI5MjU3NGRjMjFkIn0.0pGh1P-Uy8PRu85NVRgtWZumDZ4Sfgav4FgxYPp0lRw",
    "created_at": "2021-08-19T20:08:16.291Z",
    "expires_at": "2021-08-20T20:08:16Z"
  }
},
{
  "model": "token_blacklist.outstandingtoken",
  "pk": 38,
  "fields": {
    "user": "cf3e493d-de34-4bab-8e91-b4f3a646b118",
    "jti": "56d0de6a44284d49a4f67ef1abae2bfc",
    "token": "eyJ0eXAiOiJKV1QiLCJhbGciOiJIUzI1NiJ9.eyJ0b2tlbl90eXBlIjoicmVmcmVzaCIsImV4cCI6MTYyOTQ5MDIzNywianRpIjoiNTZkMGRlNmE0NDI4NGQ0OWE0ZjY3ZWYxYWJhZTJiZmMiLCJ1c2VyX2lkIjoiY2YzZTQ5M2QtZGUzNC00YmFiLThlOTEtYjRmM2E2NDZiMTE4In0.OIK2NPmUr6YKoi53VoWLpFCRO1c_NCyGWTKZNtC__uM",
    "created_at": "2021-08-19T20:10:37.306Z",
    "expires_at": "2021-08-20T20:10:37Z"
  }
},
{
  "model": "token_blacklist.outstandingtoken",
  "pk": 39,
  "fields": {
    "user": "27e54a1a-7ee0-4bc1-9200-8b92574dc21d",
    "jti": "eda5920a1ec94628a65ba4eb19162db1",
    "token": "eyJ0eXAiOiJKV1QiLCJhbGciOiJIUzI1NiJ9.eyJ0b2tlbl90eXBlIjoicmVmcmVzaCIsImV4cCI6MTYyOTQ5MTE2MywianRpIjoiZWRhNTkyMGExZWM5NDYyOGE2NWJhNGViMTkxNjJkYjEiLCJ1c2VyX2lkIjoiMjdlNTRhMWEtN2VlMC00YmMxLTkyMDAtOGI5MjU3NGRjMjFkIn0.dmX1e6x8z7anHOs92Fw4WV5DtRfzUp7AbidTHRqGmAc",
    "created_at": "2021-08-19T20:26:03.147Z",
    "expires_at": "2021-08-20T20:26:03Z"
  }
},
{
  "model": "token_blacklist.outstandingtoken",
  "pk": 40,
  "fields": {
    "user": "59f4ec2c-f072-4bf2-adfc-05b56b6c5842",
    "jti": "7730c248e6594aed8518c623ad44788c",
    "token": "eyJ0eXAiOiJKV1QiLCJhbGciOiJIUzI1NiJ9.eyJ0b2tlbl90eXBlIjoicmVmcmVzaCIsImV4cCI6MTYyOTQ5MTE5MywianRpIjoiNzczMGMyNDhlNjU5NGFlZDg1MThjNjIzYWQ0NDc4OGMiLCJ1c2VyX2lkIjoiNTlmNGVjMmMtZjA3Mi00YmYyLWFkZmMtMDViNTZiNmM1ODQyIn0.-JhilYqwhuJwJkbs9-7KfGzAPZsFn4EKQhMmc0bJ0kE",
    "created_at": "2021-08-19T20:26:33.535Z",
    "expires_at": "2021-08-20T20:26:33Z"
  }
},
{
  "model": "token_blacklist.outstandingtoken",
  "pk": 41,
  "fields": {
    "user": "27e54a1a-7ee0-4bc1-9200-8b92574dc21d",
    "jti": "5b693cdab3fd48ddb6be2bfd8ae9938f",
    "token": "eyJ0eXAiOiJKV1QiLCJhbGciOiJIUzI1NiJ9.eyJ0b2tlbl90eXBlIjoicmVmcmVzaCIsImV4cCI6MTYyOTQ5MTM1NSwianRpIjoiNWI2OTNjZGFiM2ZkNDhkZGI2YmUyYmZkOGFlOTkzOGYiLCJ1c2VyX2lkIjoiMjdlNTRhMWEtN2VlMC00YmMxLTkyMDAtOGI5MjU3NGRjMjFkIn0.uWtAQIO3gisG-uRwQvjKwVskE8mnP3vhz45G8B8A1mc",
    "created_at": "2021-08-19T20:29:15.836Z",
    "expires_at": "2021-08-20T20:29:15Z"
  }
},
{
  "model": "token_blacklist.outstandingtoken",
  "pk": 42,
  "fields": {
    "user": "cf3e493d-de34-4bab-8e91-b4f3a646b118",
    "jti": "016c8d00e30f474d840cdfedd08385d8",
    "token": "eyJ0eXAiOiJKV1QiLCJhbGciOiJIUzI1NiJ9.eyJ0b2tlbl90eXBlIjoicmVmcmVzaCIsImV4cCI6MTYyOTQ5MzQxNCwianRpIjoiMDE2YzhkMDBlMzBmNDc0ZDg0MGNkZmVkZDA4Mzg1ZDgiLCJ1c2VyX2lkIjoiY2YzZTQ5M2QtZGUzNC00YmFiLThlOTEtYjRmM2E2NDZiMTE4In0.WcbhAlgjqRHuNYT7YYtyjo0rEPGBdn3NWc2Wdzjou5k",
    "created_at": "2021-08-19T21:03:34.292Z",
    "expires_at": "2021-08-20T21:03:34Z"
  }
},
{
  "model": "token_blacklist.outstandingtoken",
  "pk": 43,
  "fields": {
    "user": "cf3e493d-de34-4bab-8e91-b4f3a646b118",
    "jti": "a146a167f5b641429eca18f8170ed4e7",
    "token": "eyJ0eXAiOiJKV1QiLCJhbGciOiJIUzI1NiJ9.eyJ0b2tlbl90eXBlIjoicmVmcmVzaCIsImV4cCI6MTYyOTQ5MzUzOSwianRpIjoiYTE0NmExNjdmNWI2NDE0MjllY2ExOGY4MTcwZWQ0ZTciLCJ1c2VyX2lkIjoiY2YzZTQ5M2QtZGUzNC00YmFiLThlOTEtYjRmM2E2NDZiMTE4In0.3Yo4oypnG-QlM9968C6P81DbIbiXM9jD8AIcAZ0vcJ0",
    "created_at": "2021-08-19T21:05:39.444Z",
    "expires_at": "2021-08-20T21:05:39Z"
  }
},
{
  "model": "token_blacklist.outstandingtoken",
  "pk": 44,
  "fields": {
    "user": "27e54a1a-7ee0-4bc1-9200-8b92574dc21d",
    "jti": "d3bbba960db746378c28869cb05c7ff3",
    "token": "eyJ0eXAiOiJKV1QiLCJhbGciOiJIUzI1NiJ9.eyJ0b2tlbl90eXBlIjoicmVmcmVzaCIsImV4cCI6MTYyOTQ5MzU1MCwianRpIjoiZDNiYmJhOTYwZGI3NDYzNzhjMjg4NjljYjA1YzdmZjMiLCJ1c2VyX2lkIjoiMjdlNTRhMWEtN2VlMC00YmMxLTkyMDAtOGI5MjU3NGRjMjFkIn0.2v0OTYzH9OUssaXubhPYeKHV5Gev-8hq5fxXg-NbFxc",
    "created_at": "2021-08-19T21:05:50.101Z",
    "expires_at": "2021-08-20T21:05:50Z"
  }
},
{
  "model": "token_blacklist.outstandingtoken",
  "pk": 45,
  "fields": {
    "user": "cf3e493d-de34-4bab-8e91-b4f3a646b118",
    "jti": "b27c84a9138a49a78ecd382eb05aa907",
    "token": "eyJ0eXAiOiJKV1QiLCJhbGciOiJIUzI1NiJ9.eyJ0b2tlbl90eXBlIjoicmVmcmVzaCIsImV4cCI6MTYyOTQ5NzcyOSwianRpIjoiYjI3Yzg0YTkxMzhhNDlhNzhlY2QzODJlYjA1YWE5MDciLCJ1c2VyX2lkIjoiY2YzZTQ5M2QtZGUzNC00YmFiLThlOTEtYjRmM2E2NDZiMTE4In0.Esx7MDDuZg096gtluyeu0Ih5XSJvq0dLZxByyu73yik",
    "created_at": "2021-08-19T22:15:29.128Z",
    "expires_at": "2021-08-20T22:15:29Z"
  }
},
{
  "model": "token_blacklist.outstandingtoken",
  "pk": 46,
  "fields": {
    "user": "27e54a1a-7ee0-4bc1-9200-8b92574dc21d",
    "jti": "1af67d34aa07442cbe32c18f627fdc52",
    "token": "eyJ0eXAiOiJKV1QiLCJhbGciOiJIUzI1NiJ9.eyJ0b2tlbl90eXBlIjoicmVmcmVzaCIsImV4cCI6MTYyOTQ5NzgzNywianRpIjoiMWFmNjdkMzRhYTA3NDQyY2JlMzJjMThmNjI3ZmRjNTIiLCJ1c2VyX2lkIjoiMjdlNTRhMWEtN2VlMC00YmMxLTkyMDAtOGI5MjU3NGRjMjFkIn0.l0Ou-MBmM8IGQdfN1grOOshM6sr47vjwlahmavX6pCg",
    "created_at": "2021-08-19T22:17:17.664Z",
    "expires_at": "2021-08-20T22:17:17Z"
  }
},
{
  "model": "token_blacklist.outstandingtoken",
  "pk": 47,
  "fields": {
    "user": "27e54a1a-7ee0-4bc1-9200-8b92574dc21d",
    "jti": "3ea9ef4848b341109b835c87c8eda08f",
    "token": "eyJ0eXAiOiJKV1QiLCJhbGciOiJIUzI1NiJ9.eyJ0b2tlbl90eXBlIjoicmVmcmVzaCIsImV4cCI6MTYyOTUzNDMxNCwianRpIjoiM2VhOWVmNDg0OGIzNDExMDliODM1Yzg3YzhlZGEwOGYiLCJ1c2VyX2lkIjoiMjdlNTRhMWEtN2VlMC00YmMxLTkyMDAtOGI5MjU3NGRjMjFkIn0.BKbLvJUYI7_uA8nZ_XDt5H3gxjDWEs7cov39u4FVtg8",
    "created_at": "2021-08-20T08:25:14.264Z",
    "expires_at": "2021-08-21T08:25:14Z"
  }
},
{
  "model": "token_blacklist.outstandingtoken",
  "pk": 48,
  "fields": {
    "user": "cf3e493d-de34-4bab-8e91-b4f3a646b118",
    "jti": "7f70c5ba2c28440598e46af46a6c259b",
    "token": "eyJ0eXAiOiJKV1QiLCJhbGciOiJIUzI1NiJ9.eyJ0b2tlbl90eXBlIjoicmVmcmVzaCIsImV4cCI6MTYyOTUzOTMzOCwianRpIjoiN2Y3MGM1YmEyYzI4NDQwNTk4ZTQ2YWY0NmE2YzI1OWIiLCJ1c2VyX2lkIjoiY2YzZTQ5M2QtZGUzNC00YmFiLThlOTEtYjRmM2E2NDZiMTE4In0.LW3_nECy7HdeDtQt3FB-oc0lNvgp78pqCd3nrZKW0p4",
    "created_at": "2021-08-20T09:48:58.908Z",
    "expires_at": "2021-08-21T09:48:58Z"
  }
},
{
  "model": "token_blacklist.outstandingtoken",
  "pk": 49,
  "fields": {
    "user": "27e54a1a-7ee0-4bc1-9200-8b92574dc21d",
    "jti": "3e3049f1df284e3d962fab422741da2f",
    "token": "eyJ0eXAiOiJKV1QiLCJhbGciOiJIUzI1NiJ9.eyJ0b2tlbl90eXBlIjoicmVmcmVzaCIsImV4cCI6MTYyOTUzOTM1NCwianRpIjoiM2UzMDQ5ZjFkZjI4NGUzZDk2MmZhYjQyMjc0MWRhMmYiLCJ1c2VyX2lkIjoiMjdlNTRhMWEtN2VlMC00YmMxLTkyMDAtOGI5MjU3NGRjMjFkIn0.BQCUMZItz3iIcrtdKAEco5WRdEbCYiwI1tyv1NDRpoo",
    "created_at": "2021-08-20T09:49:14.413Z",
    "expires_at": "2021-08-21T09:49:14Z"
  }
},
{
  "model": "token_blacklist.outstandingtoken",
  "pk": 50,
  "fields": {
    "user": "cf3e493d-de34-4bab-8e91-b4f3a646b118",
    "jti": "12a9006bc45f4e7c9f75a88975cac600",
    "token": "eyJ0eXAiOiJKV1QiLCJhbGciOiJIUzI1NiJ9.eyJ0b2tlbl90eXBlIjoicmVmcmVzaCIsImV4cCI6MTYyOTU0ODYyNCwianRpIjoiMTJhOTAwNmJjNDVmNGU3YzlmNzVhODg5NzVjYWM2MDAiLCJ1c2VyX2lkIjoiY2YzZTQ5M2QtZGUzNC00YmFiLThlOTEtYjRmM2E2NDZiMTE4In0.ec1T2yg-0nBLtHS4i0kcphO8v0fOzVUniQ_6-F1zm2E",
    "created_at": "2021-08-20T12:23:44.231Z",
    "expires_at": "2021-08-21T12:23:44Z"
  }
},
{
  "model": "token_blacklist.outstandingtoken",
  "pk": 51,
  "fields": {
    "user": "27e54a1a-7ee0-4bc1-9200-8b92574dc21d",
    "jti": "8186fc183fcc4cc0bd4150216a53dbf6",
    "token": "eyJ0eXAiOiJKV1QiLCJhbGciOiJIUzI1NiJ9.eyJ0b2tlbl90eXBlIjoicmVmcmVzaCIsImV4cCI6MTYyOTU0OTM4MCwianRpIjoiODE4NmZjMTgzZmNjNGNjMGJkNDE1MDIxNmE1M2RiZjYiLCJ1c2VyX2lkIjoiMjdlNTRhMWEtN2VlMC00YmMxLTkyMDAtOGI5MjU3NGRjMjFkIn0.f0BfEfx280oMAycrvPGwxi2E2RzBlNARt_7Frfc7aKM",
    "created_at": "2021-08-20T12:36:20.772Z",
    "expires_at": "2021-08-21T12:36:20Z"
  }
},
{
  "model": "token_blacklist.outstandingtoken",
  "pk": 52,
  "fields": {
    "user": "27e54a1a-7ee0-4bc1-9200-8b92574dc21d",
    "jti": "3d9f5739b75b4f8781ec405fb6f675be",
    "token": "eyJ0eXAiOiJKV1QiLCJhbGciOiJIUzI1NiJ9.eyJ0b2tlbl90eXBlIjoicmVmcmVzaCIsImV4cCI6MTYyOTU2OTkwNiwianRpIjoiM2Q5ZjU3MzliNzViNGY4NzgxZWM0MDVmYjZmNjc1YmUiLCJ1c2VyX2lkIjoiMjdlNTRhMWEtN2VlMC00YmMxLTkyMDAtOGI5MjU3NGRjMjFkIn0.mz-Ri1nxthbLXbX5lSS2fWZ9mHRA1cX4krHxKCQZV-E",
    "created_at": "2021-08-20T18:18:26.186Z",
    "expires_at": "2021-08-21T18:18:26Z"
  }
},
{
  "model": "token_blacklist.outstandingtoken",
  "pk": 53,
  "fields": {
    "user": "27e54a1a-7ee0-4bc1-9200-8b92574dc21d",
    "jti": "ed1ac2b20c1a42cba2db29a4a8e8e042",
    "token": "eyJ0eXAiOiJKV1QiLCJhbGciOiJIUzI1NiJ9.eyJ0b2tlbl90eXBlIjoicmVmcmVzaCIsImV4cCI6MTYyOTczMjc0NCwianRpIjoiZWQxYWMyYjIwYzFhNDJjYmEyZGIyOWE0YThlOGUwNDIiLCJ1c2VyX2lkIjoiMjdlNTRhMWEtN2VlMC00YmMxLTkyMDAtOGI5MjU3NGRjMjFkIn0.puvkHNqIAfOJiggHDfRt0aaWi8wJKX5faebfXNQT4IA",
    "created_at": "2021-08-22T15:32:24.688Z",
    "expires_at": "2021-08-23T15:32:24Z"
  }
},
{
  "model": "token_blacklist.outstandingtoken",
  "pk": 54,
  "fields": {
    "user": "27e54a1a-7ee0-4bc1-9200-8b92574dc21d",
    "jti": "6765b83a67fb4add8029fa24eac55843",
    "token": "eyJ0eXAiOiJKV1QiLCJhbGciOiJIUzI1NiJ9.eyJ0b2tlbl90eXBlIjoicmVmcmVzaCIsImV4cCI6MTYyOTgxMzI4NCwianRpIjoiNjc2NWI4M2E2N2ZiNGFkZDgwMjlmYTI0ZWFjNTU4NDMiLCJ1c2VyX2lkIjoiMjdlNTRhMWEtN2VlMC00YmMxLTkyMDAtOGI5MjU3NGRjMjFkIn0.lrUWaT_WOU9yvDX8rtK2t4IP8nLXwalRGVtXVbtH8TU",
    "created_at": "2021-08-23T13:54:44.706Z",
    "expires_at": "2021-08-24T13:54:44Z"
  }
},
{
  "model": "token_blacklist.outstandingtoken",
  "pk": 55,
  "fields": {
    "user": "cf3e493d-de34-4bab-8e91-b4f3a646b118",
    "jti": "b9742b80131d4359bf1389347a768170",
    "token": "eyJ0eXAiOiJKV1QiLCJhbGciOiJIUzI1NiJ9.eyJ0b2tlbl90eXBlIjoicmVmcmVzaCIsImV4cCI6MTYyOTgxODgyMiwianRpIjoiYjk3NDJiODAxMzFkNDM1OWJmMTM4OTM0N2E3NjgxNzAiLCJ1c2VyX2lkIjoiY2YzZTQ5M2QtZGUzNC00YmFiLThlOTEtYjRmM2E2NDZiMTE4In0.wv4OJ6miv_5BkjTf-VLvaIYu3OdPzgirhyEyCsbZvhU",
    "created_at": "2021-08-23T15:27:02.502Z",
    "expires_at": "2021-08-24T15:27:02Z"
  }
},
{
  "model": "token_blacklist.outstandingtoken",
  "pk": 56,
  "fields": {
    "user": "27e54a1a-7ee0-4bc1-9200-8b92574dc21d",
    "jti": "6bc612929ccc4461ac2f2acf617b81ec",
    "token": "eyJ0eXAiOiJKV1QiLCJhbGciOiJIUzI1NiJ9.eyJ0b2tlbl90eXBlIjoicmVmcmVzaCIsImV4cCI6MTYyOTgyMDgyMywianRpIjoiNmJjNjEyOTI5Y2NjNDQ2MWFjMmYyYWNmNjE3YjgxZWMiLCJ1c2VyX2lkIjoiMjdlNTRhMWEtN2VlMC00YmMxLTkyMDAtOGI5MjU3NGRjMjFkIn0.gmNIQL4CHsVcR00YkVR-QKfG5FN89fDtaKZITvFWTk8",
    "created_at": "2021-08-23T16:00:23.178Z",
    "expires_at": "2021-08-24T16:00:23Z"
  }
},
{
  "model": "token_blacklist.outstandingtoken",
  "pk": 57,
  "fields": {
    "user": "cf3e493d-de34-4bab-8e91-b4f3a646b118",
    "jti": "61ad076f06e047179c8d4f5322ff554b",
    "token": "eyJ0eXAiOiJKV1QiLCJhbGciOiJIUzI1NiJ9.eyJ0b2tlbl90eXBlIjoicmVmcmVzaCIsImV4cCI6MTYyOTgzMjM1MCwianRpIjoiNjFhZDA3NmYwNmUwNDcxNzljOGQ0ZjUzMjJmZjU1NGIiLCJ1c2VyX2lkIjoiY2YzZTQ5M2QtZGUzNC00YmFiLThlOTEtYjRmM2E2NDZiMTE4In0.KiZpA3xFjZO0-NQzFFZelBnRlpHWmqEEIVexP4GjjQo",
    "created_at": "2021-08-23T19:12:30.100Z",
    "expires_at": "2021-08-24T19:12:30Z"
  }
},
{
  "model": "token_blacklist.outstandingtoken",
  "pk": 58,
  "fields": {
    "user": "27e54a1a-7ee0-4bc1-9200-8b92574dc21d",
    "jti": "64f5e8798e3247bba45e5ff7c50bacfd",
    "token": "eyJ0eXAiOiJKV1QiLCJhbGciOiJIUzI1NiJ9.eyJ0b2tlbl90eXBlIjoicmVmcmVzaCIsImV4cCI6MTYyOTg4MjIyMCwianRpIjoiNjRmNWU4Nzk4ZTMyNDdiYmE0NWU1ZmY3YzUwYmFjZmQiLCJ1c2VyX2lkIjoiMjdlNTRhMWEtN2VlMC00YmMxLTkyMDAtOGI5MjU3NGRjMjFkIn0.JWvl-BGL-5Hrr1QRnDxRkxsRrtnDtyklZKsROARti9E",
    "created_at": "2021-08-24T09:03:40.176Z",
    "expires_at": "2021-08-25T09:03:40Z"
  }
},
{
  "model": "token_blacklist.outstandingtoken",
  "pk": 59,
  "fields": {
    "user": "27e54a1a-7ee0-4bc1-9200-8b92574dc21d",
    "jti": "b4d984726627474e9c66f3e85b6c3336",
    "token": "eyJ0eXAiOiJKV1QiLCJhbGciOiJIUzI1NiJ9.eyJ0b2tlbl90eXBlIjoicmVmcmVzaCIsImV4cCI6MTYyOTg4MjIzOCwianRpIjoiYjRkOTg0NzI2NjI3NDc0ZTljNjZmM2U4NWI2YzMzMzYiLCJ1c2VyX2lkIjoiMjdlNTRhMWEtN2VlMC00YmMxLTkyMDAtOGI5MjU3NGRjMjFkIn0.tnR-ajChqjl16LGBTlaju6tz4VWk8RypWCEcZDwssa4",
    "created_at": "2021-08-24T09:03:58.034Z",
    "expires_at": "2021-08-25T09:03:58Z"
  }
},
{
  "model": "token_blacklist.outstandingtoken",
  "pk": 60,
  "fields": {
    "user": "27e54a1a-7ee0-4bc1-9200-8b92574dc21d",
    "jti": "13c9747a3a49475b88eb8ca9ace72135",
    "token": "eyJ0eXAiOiJKV1QiLCJhbGciOiJIUzI1NiJ9.eyJ0b2tlbl90eXBlIjoicmVmcmVzaCIsImV4cCI6MTYyOTg4MzkyNywianRpIjoiMTNjOTc0N2EzYTQ5NDc1Yjg4ZWI4Y2E5YWNlNzIxMzUiLCJ1c2VyX2lkIjoiMjdlNTRhMWEtN2VlMC00YmMxLTkyMDAtOGI5MjU3NGRjMjFkIn0.Z8W-l-OCmsh_kTbcjdQUGQR6UixpRLOIgs-EMrPrjqA",
    "created_at": "2021-08-24T09:32:07.797Z",
    "expires_at": "2021-08-25T09:32:07Z"
  }
},
{
  "model": "token_blacklist.outstandingtoken",
  "pk": 61,
  "fields": {
    "user": "27e54a1a-7ee0-4bc1-9200-8b92574dc21d",
    "jti": "df0d4ec2dba44827a96121164c44bef0",
    "token": "eyJ0eXAiOiJKV1QiLCJhbGciOiJIUzI1NiJ9.eyJ0b2tlbl90eXBlIjoicmVmcmVzaCIsImV4cCI6MTYyOTg4NjIzOCwianRpIjoiZGYwZDRlYzJkYmE0NDgyN2E5NjEyMTE2NGM0NGJlZjAiLCJ1c2VyX2lkIjoiMjdlNTRhMWEtN2VlMC00YmMxLTkyMDAtOGI5MjU3NGRjMjFkIn0.oBdD_uTgCH1R5xzoNhdpwEL9vLTrM-AbgKTHWWJ65v4",
    "created_at": "2021-08-24T10:10:38.465Z",
    "expires_at": "2021-08-25T10:10:38Z"
  }
},
{
  "model": "token_blacklist.outstandingtoken",
  "pk": 62,
  "fields": {
    "user": "27e54a1a-7ee0-4bc1-9200-8b92574dc21d",
    "jti": "4ad930c6bc114de2a9bf26960611f30d",
    "token": "eyJ0eXAiOiJKV1QiLCJhbGciOiJIUzI1NiJ9.eyJ0b2tlbl90eXBlIjoicmVmcmVzaCIsImV4cCI6MTYyOTg4NjI1NywianRpIjoiNGFkOTMwYzZiYzExNGRlMmE5YmYyNjk2MDYxMWYzMGQiLCJ1c2VyX2lkIjoiMjdlNTRhMWEtN2VlMC00YmMxLTkyMDAtOGI5MjU3NGRjMjFkIn0.T9K3kl0y19c3KZIRjp_M2rVeePJCipyW48maod7GquQ",
    "created_at": "2021-08-24T10:10:57.576Z",
    "expires_at": "2021-08-25T10:10:57Z"
  }
},
{
  "model": "token_blacklist.outstandingtoken",
  "pk": 63,
  "fields": {
    "user": "27e54a1a-7ee0-4bc1-9200-8b92574dc21d",
    "jti": "036cfd59d48a45b99f20017890846219",
    "token": "eyJ0eXAiOiJKV1QiLCJhbGciOiJIUzI1NiJ9.eyJ0b2tlbl90eXBlIjoicmVmcmVzaCIsImV4cCI6MTYyOTg4NjI2NSwianRpIjoiMDM2Y2ZkNTlkNDhhNDViOTlmMjAwMTc4OTA4NDYyMTkiLCJ1c2VyX2lkIjoiMjdlNTRhMWEtN2VlMC00YmMxLTkyMDAtOGI5MjU3NGRjMjFkIn0._mtXm56GzTB6HWTpHs-03RySnxdb7f1CQIyFgOmtz14",
    "created_at": "2021-08-24T10:11:05.470Z",
    "expires_at": "2021-08-25T10:11:05Z"
  }
},
{
  "model": "token_blacklist.outstandingtoken",
  "pk": 64,
  "fields": {
    "user": "27e54a1a-7ee0-4bc1-9200-8b92574dc21d",
    "jti": "0da8fa3939cb4bc6a00f81941fca9355",
    "token": "eyJ0eXAiOiJKV1QiLCJhbGciOiJIUzI1NiJ9.eyJ0b2tlbl90eXBlIjoicmVmcmVzaCIsImV4cCI6MTYyOTg4NjMwMCwianRpIjoiMGRhOGZhMzkzOWNiNGJjNmEwMGY4MTk0MWZjYTkzNTUiLCJ1c2VyX2lkIjoiMjdlNTRhMWEtN2VlMC00YmMxLTkyMDAtOGI5MjU3NGRjMjFkIn0.IqxvdNg_UndvUQ5-VRAuYWVYjZcOQXnbTsKIp5ITELY",
    "created_at": "2021-08-24T10:11:40.016Z",
    "expires_at": "2021-08-25T10:11:40Z"
  }
},
{
  "model": "token_blacklist.outstandingtoken",
  "pk": 65,
  "fields": {
    "user": "27e54a1a-7ee0-4bc1-9200-8b92574dc21d",
    "jti": "5144c68574984bad853b07cb054fe687",
    "token": "eyJ0eXAiOiJKV1QiLCJhbGciOiJIUzI1NiJ9.eyJ0b2tlbl90eXBlIjoicmVmcmVzaCIsImV4cCI6MTYyOTg4NjcyOCwianRpIjoiNTE0NGM2ODU3NDk4NGJhZDg1M2IwN2NiMDU0ZmU2ODciLCJ1c2VyX2lkIjoiMjdlNTRhMWEtN2VlMC00YmMxLTkyMDAtOGI5MjU3NGRjMjFkIn0.QH3H61yLDmkPehI69TQPf04raGJNcAf3YIpe6s2erXI",
    "created_at": "2021-08-24T10:18:48.991Z",
    "expires_at": "2021-08-25T10:18:48Z"
  }
},
{
  "model": "token_blacklist.outstandingtoken",
  "pk": 66,
  "fields": {
    "user": "27e54a1a-7ee0-4bc1-9200-8b92574dc21d",
    "jti": "1bbc5d1aa9594354897fa5503ccf731f",
    "token": "eyJ0eXAiOiJKV1QiLCJhbGciOiJIUzI1NiJ9.eyJ0b2tlbl90eXBlIjoicmVmcmVzaCIsImV4cCI6MTYyOTkyMzEzNCwianRpIjoiMWJiYzVkMWFhOTU5NDM1NDg5N2ZhNTUwM2NjZjczMWYiLCJ1c2VyX2lkIjoiMjdlNTRhMWEtN2VlMC00YmMxLTkyMDAtOGI5MjU3NGRjMjFkIn0.y0QcJAB2oumJ989-G-7IvnPElHMem_phHOQEAR7uJe4",
    "created_at": "2021-08-24T20:25:34.794Z",
    "expires_at": "2021-08-25T20:25:34Z"
  }
},
{
  "model": "token_blacklist.outstandingtoken",
  "pk": 67,
  "fields": {
    "user": "cf3e493d-de34-4bab-8e91-b4f3a646b118",
    "jti": "c8de6fb9c0ad4c849c3d2351df3f0333",
    "token": "eyJ0eXAiOiJKV1QiLCJhbGciOiJIUzI1NiJ9.eyJ0b2tlbl90eXBlIjoicmVmcmVzaCIsImV4cCI6MTYyOTkyNjEzNiwianRpIjoiYzhkZTZmYjljMGFkNGM4NDljM2QyMzUxZGYzZjAzMzMiLCJ1c2VyX2lkIjoiY2YzZTQ5M2QtZGUzNC00YmFiLThlOTEtYjRmM2E2NDZiMTE4In0.OZupPS8uTR1wTjI2HdudED28md4B_cOPqu4Z3UUjjzU",
    "created_at": "2021-08-24T21:15:36.022Z",
    "expires_at": "2021-08-25T21:15:36Z"
  }
},
{
  "model": "token_blacklist.outstandingtoken",
  "pk": 68,
  "fields": {
    "user": "27e54a1a-7ee0-4bc1-9200-8b92574dc21d",
    "jti": "83c52c984a5c45e0a4086a415119af4e",
    "token": "eyJ0eXAiOiJKV1QiLCJhbGciOiJIUzI1NiJ9.eyJ0b2tlbl90eXBlIjoicmVmcmVzaCIsImV4cCI6MTYyOTkyNjUxNywianRpIjoiODNjNTJjOTg0YTVjNDVlMGE0MDg2YTQxNTExOWFmNGUiLCJ1c2VyX2lkIjoiMjdlNTRhMWEtN2VlMC00YmMxLTkyMDAtOGI5MjU3NGRjMjFkIn0.fWzNtCjsNMvELF6QPD-WBbUyHGMwaw_PpN9Nw9pcG40",
    "created_at": "2021-08-24T21:21:57.425Z",
    "expires_at": "2021-08-25T21:21:57Z"
  }
},
{
  "model": "token_blacklist.outstandingtoken",
  "pk": 69,
  "fields": {
    "user": "27e54a1a-7ee0-4bc1-9200-8b92574dc21d",
    "jti": "79dca99c6fb24f03b638ed5f90b44dcc",
    "token": "eyJ0eXAiOiJKV1QiLCJhbGciOiJIUzI1NiJ9.eyJ0b2tlbl90eXBlIjoicmVmcmVzaCIsImV4cCI6MTYyOTkyNjU1NiwianRpIjoiNzlkY2E5OWM2ZmIyNGYwM2I2MzhlZDVmOTBiNDRkY2MiLCJ1c2VyX2lkIjoiMjdlNTRhMWEtN2VlMC00YmMxLTkyMDAtOGI5MjU3NGRjMjFkIn0.T1JIq9S-gkU0wOj4wgIYtutlw1CuLAArMmenSdR6O0g",
    "created_at": "2021-08-24T21:22:36.991Z",
    "expires_at": "2021-08-25T21:22:36Z"
  }
},
{
  "model": "token_blacklist.outstandingtoken",
  "pk": 70,
  "fields": {
    "user": "cf3e493d-de34-4bab-8e91-b4f3a646b118",
    "jti": "71576feb82a5438ba15b4523521396de",
    "token": "eyJ0eXAiOiJKV1QiLCJhbGciOiJIUzI1NiJ9.eyJ0b2tlbl90eXBlIjoicmVmcmVzaCIsImV4cCI6MTYyOTkyNzk1NywianRpIjoiNzE1NzZmZWI4MmE1NDM4YmExNWI0NTIzNTIxMzk2ZGUiLCJ1c2VyX2lkIjoiY2YzZTQ5M2QtZGUzNC00YmFiLThlOTEtYjRmM2E2NDZiMTE4In0.CyK5eRLi4j-QGL62GtWCv8IaRSLvu68A51YpQPk1hRA",
    "created_at": "2021-08-24T21:45:57.745Z",
    "expires_at": "2021-08-25T21:45:57Z"
  }
},
{
  "model": "token_blacklist.outstandingtoken",
  "pk": 71,
  "fields": {
    "user": "27e54a1a-7ee0-4bc1-9200-8b92574dc21d",
    "jti": "121b3d8ea0744547b07abd35235ddf9b",
    "token": "eyJ0eXAiOiJKV1QiLCJhbGciOiJIUzI1NiJ9.eyJ0b2tlbl90eXBlIjoicmVmcmVzaCIsImV4cCI6MTYyOTkyODAzNiwianRpIjoiMTIxYjNkOGVhMDc0NDU0N2IwN2FiZDM1MjM1ZGRmOWIiLCJ1c2VyX2lkIjoiMjdlNTRhMWEtN2VlMC00YmMxLTkyMDAtOGI5MjU3NGRjMjFkIn0.kvhxreiwIqk4cUbpt1ZWN8H6m1TJIyqgmaefzZYfaM8",
    "created_at": "2021-08-24T21:47:16.030Z",
    "expires_at": "2021-08-25T21:47:16Z"
  }
},
{
  "model": "token_blacklist.outstandingtoken",
  "pk": 72,
  "fields": {
    "user": "cf3e493d-de34-4bab-8e91-b4f3a646b118",
    "jti": "58bb328b03384095b36e23f80fcde3ae",
    "token": "eyJ0eXAiOiJKV1QiLCJhbGciOiJIUzI1NiJ9.eyJ0b2tlbl90eXBlIjoicmVmcmVzaCIsImV4cCI6MTYyOTkyOTU3OCwianRpIjoiNThiYjMyOGIwMzM4NDA5NWIzNmUyM2Y4MGZjZGUzYWUiLCJ1c2VyX2lkIjoiY2YzZTQ5M2QtZGUzNC00YmFiLThlOTEtYjRmM2E2NDZiMTE4In0.x1OaF64u2rUMzm7f6aMMqCYCbD74auifLCh-THEGt2s",
    "created_at": "2021-08-24T22:12:58.541Z",
    "expires_at": "2021-08-25T22:12:58Z"
  }
},
{
  "model": "token_blacklist.outstandingtoken",
  "pk": 73,
  "fields": {
    "user": "27e54a1a-7ee0-4bc1-9200-8b92574dc21d",
    "jti": "2ea276d3bb794eceacb061a1e4b73ae9",
    "token": "eyJ0eXAiOiJKV1QiLCJhbGciOiJIUzI1NiJ9.eyJ0b2tlbl90eXBlIjoicmVmcmVzaCIsImV4cCI6MTYyOTkzMTI0NiwianRpIjoiMmVhMjc2ZDNiYjc5NGVjZWFjYjA2MWExZTRiNzNhZTkiLCJ1c2VyX2lkIjoiMjdlNTRhMWEtN2VlMC00YmMxLTkyMDAtOGI5MjU3NGRjMjFkIn0.kID1pvYdckhNgCvIixQLVoNVLepGZ7QdjsItXF2nYZ8",
    "created_at": "2021-08-24T22:40:46.590Z",
    "expires_at": "2021-08-25T22:40:46Z"
  }
},
{
  "model": "token_blacklist.outstandingtoken",
  "pk": 74,
  "fields": {
    "user": "27e54a1a-7ee0-4bc1-9200-8b92574dc21d",
    "jti": "111475c72fc141a09b8c88339ce717bb",
    "token": "eyJ0eXAiOiJKV1QiLCJhbGciOiJIUzI1NiJ9.eyJ0b2tlbl90eXBlIjoicmVmcmVzaCIsImV4cCI6MTYyOTkzMTM4MywianRpIjoiMTExNDc1YzcyZmMxNDFhMDliOGM4ODMzOWNlNzE3YmIiLCJ1c2VyX2lkIjoiMjdlNTRhMWEtN2VlMC00YmMxLTkyMDAtOGI5MjU3NGRjMjFkIn0.Ca9zPK5wFNGaeCZ-Xc-z7A8cN-AR72keDj8xayZ1mbI",
    "created_at": "2021-08-24T22:43:03.102Z",
    "expires_at": "2021-08-25T22:43:03Z"
  }
},
{
  "model": "token_blacklist.outstandingtoken",
  "pk": 75,
  "fields": {
    "user": "cf3e493d-de34-4bab-8e91-b4f3a646b118",
    "jti": "418567bb596849cdad6bae617113259b",
    "token": "eyJ0eXAiOiJKV1QiLCJhbGciOiJIUzI1NiJ9.eyJ0b2tlbl90eXBlIjoicmVmcmVzaCIsImV4cCI6MTYyOTkzMjMwNSwianRpIjoiNDE4NTY3YmI1OTY4NDljZGFkNmJhZTYxNzExMzI1OWIiLCJ1c2VyX2lkIjoiY2YzZTQ5M2QtZGUzNC00YmFiLThlOTEtYjRmM2E2NDZiMTE4In0.csLyt2grPB-r6_ZrvpyvCyMWE3LVGjTfVUVTFA_xlQU",
    "created_at": "2021-08-24T22:58:25.807Z",
    "expires_at": "2021-08-25T22:58:25Z"
  }
},
{
  "model": "token_blacklist.outstandingtoken",
  "pk": 76,
  "fields": {
    "user": "cf3e493d-de34-4bab-8e91-b4f3a646b118",
    "jti": "55241eb4b4bb4e03af8f13d5378a567c",
    "token": "eyJ0eXAiOiJKV1QiLCJhbGciOiJIUzI1NiJ9.eyJ0b2tlbl90eXBlIjoicmVmcmVzaCIsImV4cCI6MTYyOTkzMjg5MCwianRpIjoiNTUyNDFlYjRiNGJiNGUwM2FmOGYxM2Q1Mzc4YTU2N2MiLCJ1c2VyX2lkIjoiY2YzZTQ5M2QtZGUzNC00YmFiLThlOTEtYjRmM2E2NDZiMTE4In0.UuhYQnFid668mf4coy3EU8aUUJdcwvpfnc4fNiaYcoU",
    "created_at": "2021-08-24T23:08:10.825Z",
    "expires_at": "2021-08-25T23:08:10Z"
  }
},
{
  "model": "token_blacklist.outstandingtoken",
  "pk": 77,
  "fields": {
    "user": "cf3e493d-de34-4bab-8e91-b4f3a646b118",
    "jti": "a4e0953ba40443b4bea8fa0fd15f7bcc",
    "token": "eyJ0eXAiOiJKV1QiLCJhbGciOiJIUzI1NiJ9.eyJ0b2tlbl90eXBlIjoicmVmcmVzaCIsImV4cCI6MTYyOTk2OTAzMywianRpIjoiYTRlMDk1M2JhNDA0NDNiNGJlYThmYTBmZDE1ZjdiY2MiLCJ1c2VyX2lkIjoiY2YzZTQ5M2QtZGUzNC00YmFiLThlOTEtYjRmM2E2NDZiMTE4In0.uOACflOGOwyRqZbT8c8UtxM6sqGY0tJ5zl__BnCkaWA",
    "created_at": "2021-08-25T09:10:33.175Z",
    "expires_at": "2021-08-26T09:10:33Z"
  }
},
{
  "model": "token_blacklist.outstandingtoken",
  "pk": 78,
  "fields": {
    "user": "27e54a1a-7ee0-4bc1-9200-8b92574dc21d",
    "jti": "4c4785f77a95476fbc486043bbdb976b",
    "token": "eyJ0eXAiOiJKV1QiLCJhbGciOiJIUzI1NiJ9.eyJ0b2tlbl90eXBlIjoicmVmcmVzaCIsImV4cCI6MTYyOTk2OTI0MiwianRpIjoiNGM0Nzg1Zjc3YTk1NDc2ZmJjNDg2MDQzYmJkYjk3NmIiLCJ1c2VyX2lkIjoiMjdlNTRhMWEtN2VlMC00YmMxLTkyMDAtOGI5MjU3NGRjMjFkIn0.8R-5mxP6YaaoXUU1N1NWUnV-k1FqUSj745nnx7FZa_E",
    "created_at": "2021-08-25T09:14:02.618Z",
    "expires_at": "2021-08-26T09:14:02Z"
  }
},
{
  "model": "token_blacklist.outstandingtoken",
  "pk": 79,
  "fields": {
    "user": "cf3e493d-de34-4bab-8e91-b4f3a646b118",
    "jti": "36ac9ed05a1e4813b8d63b9c73672823",
    "token": "eyJ0eXAiOiJKV1QiLCJhbGciOiJIUzI1NiJ9.eyJ0b2tlbl90eXBlIjoicmVmcmVzaCIsImV4cCI6MTYyOTk2OTI2MSwianRpIjoiMzZhYzllZDA1YTFlNDgxM2I4ZDYzYjljNzM2NzI4MjMiLCJ1c2VyX2lkIjoiY2YzZTQ5M2QtZGUzNC00YmFiLThlOTEtYjRmM2E2NDZiMTE4In0.4ZV2rnX1aAvH7qmccnMfM6YBchXtpq9hxjz920a3-vI",
    "created_at": "2021-08-25T09:14:21.276Z",
    "expires_at": "2021-08-26T09:14:21Z"
  }
},
{
  "model": "token_blacklist.outstandingtoken",
  "pk": 80,
  "fields": {
    "user": "cf3e493d-de34-4bab-8e91-b4f3a646b118",
    "jti": "0b37705e0b5342bfa90a2a9057b37e0f",
    "token": "eyJ0eXAiOiJKV1QiLCJhbGciOiJIUzI1NiJ9.eyJ0b2tlbl90eXBlIjoicmVmcmVzaCIsImV4cCI6MTYyOTk2OTg4MiwianRpIjoiMGIzNzcwNWUwYjUzNDJiZmE5MGEyYTkwNTdiMzdlMGYiLCJ1c2VyX2lkIjoiY2YzZTQ5M2QtZGUzNC00YmFiLThlOTEtYjRmM2E2NDZiMTE4In0.zlQ7KyYGh6yaXXO3Q6d0GCnxwcYy1aO8fbd34FLOAqE",
    "created_at": "2021-08-25T09:24:42.691Z",
    "expires_at": "2021-08-26T09:24:42Z"
  }
},
{
  "model": "token_blacklist.outstandingtoken",
  "pk": 81,
  "fields": {
    "user": "27e54a1a-7ee0-4bc1-9200-8b92574dc21d",
    "jti": "c24ba8a65b4c4d2794129546abd28632",
    "token": "eyJ0eXAiOiJKV1QiLCJhbGciOiJIUzI1NiJ9.eyJ0b2tlbl90eXBlIjoicmVmcmVzaCIsImV4cCI6MTYyOTk2OTk4NiwianRpIjoiYzI0YmE4YTY1YjRjNGQyNzk0MTI5NTQ2YWJkMjg2MzIiLCJ1c2VyX2lkIjoiMjdlNTRhMWEtN2VlMC00YmMxLTkyMDAtOGI5MjU3NGRjMjFkIn0.YYL_zB6ajiFLjUPjue_-nARXpswfvUgoiMdqCPlgI4A",
    "created_at": "2021-08-25T09:26:26.760Z",
    "expires_at": "2021-08-26T09:26:26Z"
  }
},
{
  "model": "token_blacklist.outstandingtoken",
  "pk": 82,
  "fields": {
    "user": "cf3e493d-de34-4bab-8e91-b4f3a646b118",
    "jti": "08a09f33606947a9b9e3c26c55e97bc4",
    "token": "eyJ0eXAiOiJKV1QiLCJhbGciOiJIUzI1NiJ9.eyJ0b2tlbl90eXBlIjoicmVmcmVzaCIsImV4cCI6MTYyOTk3MDMwNCwianRpIjoiMDhhMDlmMzM2MDY5NDdhOWI5ZTNjMjZjNTVlOTdiYzQiLCJ1c2VyX2lkIjoiY2YzZTQ5M2QtZGUzNC00YmFiLThlOTEtYjRmM2E2NDZiMTE4In0.KUkKxYxtpgVJae2SsJr2ePzJtMwjGWewnK69hPYx2ck",
    "created_at": "2021-08-25T09:31:44.999Z",
    "expires_at": "2021-08-26T09:31:44Z"
  }
},
{
  "model": "token_blacklist.outstandingtoken",
  "pk": 83,
  "fields": {
    "user": "27e54a1a-7ee0-4bc1-9200-8b92574dc21d",
    "jti": "98e55f75123443a2ae3af6e2b0880dd5",
    "token": "eyJ0eXAiOiJKV1QiLCJhbGciOiJIUzI1NiJ9.eyJ0b2tlbl90eXBlIjoicmVmcmVzaCIsImV4cCI6MTYyOTk3MDgyNSwianRpIjoiOThlNTVmNzUxMjM0NDNhMmFlM2FmNmUyYjA4ODBkZDUiLCJ1c2VyX2lkIjoiMjdlNTRhMWEtN2VlMC00YmMxLTkyMDAtOGI5MjU3NGRjMjFkIn0.3pg922ngH6paipp1YCRneDiMWvFzTEfTsEhTuOKOBfI",
    "created_at": "2021-08-25T09:40:25.951Z",
    "expires_at": "2021-08-26T09:40:25Z"
  }
},
{
  "model": "token_blacklist.outstandingtoken",
  "pk": 84,
  "fields": {
    "user": "27e54a1a-7ee0-4bc1-9200-8b92574dc21d",
    "jti": "ac4149f211de46b6a60732f86fad70d3",
    "token": "eyJ0eXAiOiJKV1QiLCJhbGciOiJIUzI1NiJ9.eyJ0b2tlbl90eXBlIjoicmVmcmVzaCIsImV4cCI6MTYzMDA2MDA2MywianRpIjoiYWM0MTQ5ZjIxMWRlNDZiNmE2MDczMmY4NmZhZDcwZDMiLCJ1c2VyX2lkIjoiMjdlNTRhMWEtN2VlMC00YmMxLTkyMDAtOGI5MjU3NGRjMjFkIn0.2tCOw2MEyegPO3F5Pcz4qNVk15i9rO0OnT3t_Xtw7kQ",
    "created_at": "2021-08-26T10:27:43.885Z",
    "expires_at": "2021-08-27T10:27:43Z"
  }
},
{
  "model": "token_blacklist.outstandingtoken",
  "pk": 85,
  "fields": {
    "user": "27e54a1a-7ee0-4bc1-9200-8b92574dc21d",
    "jti": "e78d1b7109e042988bbbaf93277b2b76",
    "token": "eyJ0eXAiOiJKV1QiLCJhbGciOiJIUzI1NiJ9.eyJ0b2tlbl90eXBlIjoicmVmcmVzaCIsImV4cCI6MTYzMDA3MTI1NywianRpIjoiZTc4ZDFiNzEwOWUwNDI5ODhiYmJhZjkzMjc3YjJiNzYiLCJ1c2VyX2lkIjoiMjdlNTRhMWEtN2VlMC00YmMxLTkyMDAtOGI5MjU3NGRjMjFkIn0.0pX0zutQ8WVxXDTLQEVrzhE1yViYoK4rB9lPamM89gk",
    "created_at": "2021-08-26T13:34:17.953Z",
    "expires_at": "2021-08-27T13:34:17Z"
  }
},
{
  "model": "token_blacklist.outstandingtoken",
  "pk": 86,
  "fields": {
    "user": "27e54a1a-7ee0-4bc1-9200-8b92574dc21d",
    "jti": "88bad9c4c3b94dde9b6c734573016429",
    "token": "eyJ0eXAiOiJKV1QiLCJhbGciOiJIUzI1NiJ9.eyJ0b2tlbl90eXBlIjoicmVmcmVzaCIsImV4cCI6MTYzMDA3MTUyMSwianRpIjoiODhiYWQ5YzRjM2I5NGRkZTliNmM3MzQ1NzMwMTY0MjkiLCJ1c2VyX2lkIjoiMjdlNTRhMWEtN2VlMC00YmMxLTkyMDAtOGI5MjU3NGRjMjFkIn0.IuB5opo2zkbtiwZblhJ0c5q0vN7n_2w421XHMVzPfRE",
    "created_at": "2021-08-26T13:38:41.672Z",
    "expires_at": "2021-08-27T13:38:41Z"
  }
},
{
  "model": "token_blacklist.outstandingtoken",
  "pk": 87,
  "fields": {
    "user": "27e54a1a-7ee0-4bc1-9200-8b92574dc21d",
    "jti": "745f79e3dadb4b1cb13947d062a41298",
    "token": "eyJ0eXAiOiJKV1QiLCJhbGciOiJIUzI1NiJ9.eyJ0b2tlbl90eXBlIjoicmVmcmVzaCIsImV4cCI6MTYzMDA4NjIyOCwianRpIjoiNzQ1Zjc5ZTNkYWRiNGIxY2IxMzk0N2QwNjJhNDEyOTgiLCJ1c2VyX2lkIjoiMjdlNTRhMWEtN2VlMC00YmMxLTkyMDAtOGI5MjU3NGRjMjFkIn0.ge3z6EBoXPu9707GnnYlLq8CIvx9WwJ4POgkpb7KJ14",
    "created_at": "2021-08-26T17:43:48.086Z",
    "expires_at": "2021-08-27T17:43:48Z"
  }
},
{
  "model": "token_blacklist.outstandingtoken",
  "pk": 88,
  "fields": {
    "user": "cf3e493d-de34-4bab-8e91-b4f3a646b118",
    "jti": "6f9b55dc18204b87852aea3b26f17814",
    "token": "eyJ0eXAiOiJKV1QiLCJhbGciOiJIUzI1NiJ9.eyJ0b2tlbl90eXBlIjoicmVmcmVzaCIsImV4cCI6MTYzMDA4NzkyNiwianRpIjoiNmY5YjU1ZGMxODIwNGI4Nzg1MmFlYTNiMjZmMTc4MTQiLCJ1c2VyX2lkIjoiY2YzZTQ5M2QtZGUzNC00YmFiLThlOTEtYjRmM2E2NDZiMTE4In0.xi0ddpsUE1k4XYgox-btFZWhFppuS74FNTfxImL5yXM",
    "created_at": "2021-08-26T18:12:06.558Z",
    "expires_at": "2021-08-27T18:12:06Z"
  }
},
{
  "model": "token_blacklist.outstandingtoken",
  "pk": 89,
  "fields": {
    "user": "27e54a1a-7ee0-4bc1-9200-8b92574dc21d",
    "jti": "88b370918b4d4490b0eb4e1200afeed7",
    "token": "eyJ0eXAiOiJKV1QiLCJhbGciOiJIUzI1NiJ9.eyJ0b2tlbl90eXBlIjoicmVmcmVzaCIsImV4cCI6MTYzMDA5ODUxNywianRpIjoiODhiMzcwOTE4YjRkNDQ5MGIwZWI0ZTEyMDBhZmVlZDciLCJ1c2VyX2lkIjoiMjdlNTRhMWEtN2VlMC00YmMxLTkyMDAtOGI5MjU3NGRjMjFkIn0.0joacB4uRELGhsInZ4gdAgs_CLkexLy2HBJ2GPTjQZU",
    "created_at": "2021-08-26T21:08:37.873Z",
    "expires_at": "2021-08-27T21:08:37Z"
  }
},
{
  "model": "token_blacklist.outstandingtoken",
  "pk": 90,
  "fields": {
    "user": "cf3e493d-de34-4bab-8e91-b4f3a646b118",
    "jti": "0e21af2874554216ae6f8c4e1fc30b7b",
    "token": "eyJ0eXAiOiJKV1QiLCJhbGciOiJIUzI1NiJ9.eyJ0b2tlbl90eXBlIjoicmVmcmVzaCIsImV4cCI6MTYzMDEwMTY4OCwianRpIjoiMGUyMWFmMjg3NDU1NDIxNmFlNmY4YzRlMWZjMzBiN2IiLCJ1c2VyX2lkIjoiY2YzZTQ5M2QtZGUzNC00YmFiLThlOTEtYjRmM2E2NDZiMTE4In0.zc-W_1qRSqAeZK683HYL42etoW8qmwA23Ka4_9_-ynE",
    "created_at": "2021-08-26T22:01:28.713Z",
    "expires_at": "2021-08-27T22:01:28Z"
  }
},
{
  "model": "token_blacklist.outstandingtoken",
  "pk": 91,
  "fields": {
    "user": "27e54a1a-7ee0-4bc1-9200-8b92574dc21d",
    "jti": "86265ab28c1045ed854aab4dd81ab268",
    "token": "eyJ0eXAiOiJKV1QiLCJhbGciOiJIUzI1NiJ9.eyJ0b2tlbl90eXBlIjoicmVmcmVzaCIsImV4cCI6MTYzMDEwMjUzNiwianRpIjoiODYyNjVhYjI4YzEwNDVlZDg1NGFhYjRkZDgxYWIyNjgiLCJ1c2VyX2lkIjoiMjdlNTRhMWEtN2VlMC00YmMxLTkyMDAtOGI5MjU3NGRjMjFkIn0.W8wEG9KZrbBVkJcsIZUD5gd3x7BiRQ410sJE1Uy_xYc",
    "created_at": "2021-08-26T22:15:36.087Z",
    "expires_at": "2021-08-27T22:15:36Z"
  }
},
{
  "model": "token_blacklist.outstandingtoken",
  "pk": 92,
  "fields": {
    "user": "27e54a1a-7ee0-4bc1-9200-8b92574dc21d",
    "jti": "9a3778cbc9a648978dc48eca4f7ada2c",
    "token": "eyJ0eXAiOiJKV1QiLCJhbGciOiJIUzI1NiJ9.eyJ0b2tlbl90eXBlIjoicmVmcmVzaCIsImV4cCI6MTYzMDEwMjk2MywianRpIjoiOWEzNzc4Y2JjOWE2NDg5NzhkYzQ4ZWNhNGY3YWRhMmMiLCJ1c2VyX2lkIjoiMjdlNTRhMWEtN2VlMC00YmMxLTkyMDAtOGI5MjU3NGRjMjFkIn0.kvpXcNkWBspaicxaXxTNAYUthTu82E2CMdt9dDZUPO4",
    "created_at": "2021-08-26T22:22:43.366Z",
    "expires_at": "2021-08-27T22:22:43Z"
  }
},
{
  "model": "token_blacklist.outstandingtoken",
  "pk": 93,
  "fields": {
    "user": "cf3e493d-de34-4bab-8e91-b4f3a646b118",
    "jti": "d2f3e5a1fa2f4b7f8b81f049e29844d5",
    "token": "eyJ0eXAiOiJKV1QiLCJhbGciOiJIUzI1NiJ9.eyJ0b2tlbl90eXBlIjoicmVmcmVzaCIsImV4cCI6MTYzMDEzNTY5NywianRpIjoiZDJmM2U1YTFmYTJmNGI3ZjhiODFmMDQ5ZTI5ODQ0ZDUiLCJ1c2VyX2lkIjoiY2YzZTQ5M2QtZGUzNC00YmFiLThlOTEtYjRmM2E2NDZiMTE4In0.qaX9EWDlc7P1mXIUZiLxmMj9hp_sYoHwzrpuCYtc7XI",
    "created_at": "2021-08-27T07:28:17.486Z",
    "expires_at": "2021-08-28T07:28:17Z"
  }
},
{
  "model": "token_blacklist.outstandingtoken",
  "pk": 94,
  "fields": {
    "user": "27e54a1a-7ee0-4bc1-9200-8b92574dc21d",
    "jti": "c10f851ae3e64ef5a6e593d3f267109b",
    "token": "eyJ0eXAiOiJKV1QiLCJhbGciOiJIUzI1NiJ9.eyJ0b2tlbl90eXBlIjoicmVmcmVzaCIsImV4cCI6MTYzMDEzNzQyMiwianRpIjoiYzEwZjg1MWFlM2U2NGVmNWE2ZTU5M2QzZjI2NzEwOWIiLCJ1c2VyX2lkIjoiMjdlNTRhMWEtN2VlMC00YmMxLTkyMDAtOGI5MjU3NGRjMjFkIn0.17LZfFg2PqQq6C8kau9aYyr5L3gxorN7yIrOBiXa1gs",
    "created_at": "2021-08-27T07:57:02.099Z",
    "expires_at": "2021-08-28T07:57:02Z"
  }
},
{
  "model": "token_blacklist.outstandingtoken",
  "pk": 95,
  "fields": {
    "user": "27e54a1a-7ee0-4bc1-9200-8b92574dc21d",
    "jti": "1d5e2d3aee3841e4ad1ebaca4fe0c9a6",
    "token": "eyJ0eXAiOiJKV1QiLCJhbGciOiJIUzI1NiJ9.eyJ0b2tlbl90eXBlIjoicmVmcmVzaCIsImV4cCI6MTYzMDEzNzk2MiwianRpIjoiMWQ1ZTJkM2FlZTM4NDFlNGFkMWViYWNhNGZlMGM5YTYiLCJ1c2VyX2lkIjoiMjdlNTRhMWEtN2VlMC00YmMxLTkyMDAtOGI5MjU3NGRjMjFkIn0.qncH-_QDPSi-xQugQdYeSkn3nOGPN7QQDzVL9skkiUY",
    "created_at": "2021-08-27T08:06:02.716Z",
    "expires_at": "2021-08-28T08:06:02Z"
  }
},
{
  "model": "token_blacklist.outstandingtoken",
  "pk": 96,
  "fields": {
    "user": "cf3e493d-de34-4bab-8e91-b4f3a646b118",
    "jti": "a693f41e2b494bbd993207bd4351f217",
    "token": "eyJ0eXAiOiJKV1QiLCJhbGciOiJIUzI1NiJ9.eyJ0b2tlbl90eXBlIjoicmVmcmVzaCIsImV4cCI6MTYzMDEzODExMCwianRpIjoiYTY5M2Y0MWUyYjQ5NGJiZDk5MzIwN2JkNDM1MWYyMTciLCJ1c2VyX2lkIjoiY2YzZTQ5M2QtZGUzNC00YmFiLThlOTEtYjRmM2E2NDZiMTE4In0.6Ad3vtum_LTcsnlfGk8XFPNiPbb24CfeZQdL_xybKfs",
    "created_at": "2021-08-27T08:08:30.203Z",
    "expires_at": "2021-08-28T08:08:30Z"
  }
},
{
  "model": "token_blacklist.outstandingtoken",
  "pk": 97,
  "fields": {
    "user": "27e54a1a-7ee0-4bc1-9200-8b92574dc21d",
    "jti": "7cdac0b1c21544babb21450d94f12f89",
    "token": "eyJ0eXAiOiJKV1QiLCJhbGciOiJIUzI1NiJ9.eyJ0b2tlbl90eXBlIjoicmVmcmVzaCIsImV4cCI6MTYzMDE0NDc2OSwianRpIjoiN2NkYWMwYjFjMjE1NDRiYWJiMjE0NTBkOTRmMTJmODkiLCJ1c2VyX2lkIjoiMjdlNTRhMWEtN2VlMC00YmMxLTkyMDAtOGI5MjU3NGRjMjFkIn0.ylc7mjwuHYuebKI-xu9bfQBe4saKEsxqIpWUUOc3swM",
    "created_at": "2021-08-27T09:59:29.058Z",
    "expires_at": "2021-08-28T09:59:29Z"
  }
},
{
  "model": "token_blacklist.outstandingtoken",
  "pk": 98,
  "fields": {
    "user": "cf3e493d-de34-4bab-8e91-b4f3a646b118",
    "jti": "471542967bf34b14ba27f9956d18db55",
    "token": "eyJ0eXAiOiJKV1QiLCJhbGciOiJIUzI1NiJ9.eyJ0b2tlbl90eXBlIjoicmVmcmVzaCIsImV4cCI6MTYzMDE1MzUyOCwianRpIjoiNDcxNTQyOTY3YmYzNGIxNGJhMjdmOTk1NmQxOGRiNTUiLCJ1c2VyX2lkIjoiY2YzZTQ5M2QtZGUzNC00YmFiLThlOTEtYjRmM2E2NDZiMTE4In0.YCeNU-QVyKxmtidNJbAnbVSKhWFbYTwIEwMyUxbRGF4",
    "created_at": "2021-08-27T12:25:28.900Z",
    "expires_at": "2021-08-28T12:25:28Z"
  }
},
{
  "model": "token_blacklist.outstandingtoken",
  "pk": 99,
  "fields": {
    "user": "27e54a1a-7ee0-4bc1-9200-8b92574dc21d",
    "jti": "9e783e12c85d4f14943ac5672911eb9b",
    "token": "eyJ0eXAiOiJKV1QiLCJhbGciOiJIUzI1NiJ9.eyJ0b2tlbl90eXBlIjoicmVmcmVzaCIsImV4cCI6MTYzMDE1NDAzMCwianRpIjoiOWU3ODNlMTJjODVkNGYxNDk0M2FjNTY3MjkxMWViOWIiLCJ1c2VyX2lkIjoiMjdlNTRhMWEtN2VlMC00YmMxLTkyMDAtOGI5MjU3NGRjMjFkIn0.AqQNK8Bc4Jq8x8KgM9qxb_eRUawLpILLVGpliAtRe38",
    "created_at": "2021-08-27T12:33:50.848Z",
    "expires_at": "2021-08-28T12:33:50Z"
  }
},
{
  "model": "token_blacklist.outstandingtoken",
  "pk": 100,
  "fields": {
    "user": "cf3e493d-de34-4bab-8e91-b4f3a646b118",
    "jti": "8cee17e0051b4dd6b49d27012d67ddd7",
    "token": "eyJ0eXAiOiJKV1QiLCJhbGciOiJIUzI1NiJ9.eyJ0b2tlbl90eXBlIjoicmVmcmVzaCIsImV4cCI6MTYzMDE1NDIyNiwianRpIjoiOGNlZTE3ZTAwNTFiNGRkNmI0OWQyNzAxMmQ2N2RkZDciLCJ1c2VyX2lkIjoiY2YzZTQ5M2QtZGUzNC00YmFiLThlOTEtYjRmM2E2NDZiMTE4In0.1UNJu2TSpUBaeeVEltAN1u8gQz4GknymgWfAeC8C-SU",
    "created_at": "2021-08-27T12:37:06.717Z",
    "expires_at": "2021-08-28T12:37:06Z"
  }
},
{
  "model": "token_blacklist.outstandingtoken",
  "pk": 101,
  "fields": {
    "user": "27e54a1a-7ee0-4bc1-9200-8b92574dc21d",
    "jti": "b451329d155a4b9bb4761da9e72d49d1",
    "token": "eyJ0eXAiOiJKV1QiLCJhbGciOiJIUzI1NiJ9.eyJ0b2tlbl90eXBlIjoicmVmcmVzaCIsImV4cCI6MTYzMDE2NDY5MywianRpIjoiYjQ1MTMyOWQxNTVhNGI5YmI0NzYxZGE5ZTcyZDQ5ZDEiLCJ1c2VyX2lkIjoiMjdlNTRhMWEtN2VlMC00YmMxLTkyMDAtOGI5MjU3NGRjMjFkIn0.huh04eUvkA5b5YWubjpRl7_GVMbU71sQdt9p4sN81qM",
    "created_at": "2021-08-27T15:31:33.390Z",
    "expires_at": "2021-08-28T15:31:33Z"
  }
},
{
  "model": "token_blacklist.outstandingtoken",
  "pk": 102,
  "fields": {
    "user": "27e54a1a-7ee0-4bc1-9200-8b92574dc21d",
    "jti": "b59ea44541d940a0893ad52b34904af8",
    "token": "eyJ0eXAiOiJKV1QiLCJhbGciOiJIUzI1NiJ9.eyJ0b2tlbl90eXBlIjoicmVmcmVzaCIsImV4cCI6MTYzMDIyODQzMSwianRpIjoiYjU5ZWE0NDU0MWQ5NDBhMDg5M2FkNTJiMzQ5MDRhZjgiLCJ1c2VyX2lkIjoiMjdlNTRhMWEtN2VlMC00YmMxLTkyMDAtOGI5MjU3NGRjMjFkIn0.5avr0ITntluF8MulAhD2gmE4sT3dZIVTLqvg4aHD-ck",
    "created_at": "2021-08-28T09:13:51.575Z",
    "expires_at": "2021-08-29T09:13:51Z"
  }
},
{
  "model": "token_blacklist.outstandingtoken",
  "pk": 103,
  "fields": {
    "user": "27e54a1a-7ee0-4bc1-9200-8b92574dc21d",
    "jti": "b736f56103d7430e9683dfb7c3cbde65",
    "token": "eyJ0eXAiOiJKV1QiLCJhbGciOiJIUzI1NiJ9.eyJ0b2tlbl90eXBlIjoicmVmcmVzaCIsImV4cCI6MTYzMDI1NjM0NywianRpIjoiYjczNmY1NjEwM2Q3NDMwZTk2ODNkZmI3YzNjYmRlNjUiLCJ1c2VyX2lkIjoiMjdlNTRhMWEtN2VlMC00YmMxLTkyMDAtOGI5MjU3NGRjMjFkIn0.0-tpxURXsHnTVLxxAjzE_OSwbmFoi6l9QfnCW_dBc4Y",
    "created_at": "2021-08-28T16:59:07.093Z",
    "expires_at": "2021-08-29T16:59:07Z"
  }
},
{
  "model": "token_blacklist.outstandingtoken",
  "pk": 104,
  "fields": {
    "user": "cf3e493d-de34-4bab-8e91-b4f3a646b118",
    "jti": "ae5acea073114ed5a43e0c837f0ecbc1",
    "token": "eyJ0eXAiOiJKV1QiLCJhbGciOiJIUzI1NiJ9.eyJ0b2tlbl90eXBlIjoicmVmcmVzaCIsImV4cCI6MTYzMDI1Njg5MiwianRpIjoiYWU1YWNlYTA3MzExNGVkNWE0M2UwYzgzN2YwZWNiYzEiLCJ1c2VyX2lkIjoiY2YzZTQ5M2QtZGUzNC00YmFiLThlOTEtYjRmM2E2NDZiMTE4In0.ThFXJwK_qvOHqqSH40Gg2xe_2_e-PGBIQjKEv6L7CQo",
    "created_at": "2021-08-28T17:08:12.421Z",
    "expires_at": "2021-08-29T17:08:12Z"
  }
},
{
  "model": "token_blacklist.outstandingtoken",
  "pk": 105,
  "fields": {
    "user": "27e54a1a-7ee0-4bc1-9200-8b92574dc21d",
    "jti": "521c862417134cc9b5608edccc61f678",
    "token": "eyJ0eXAiOiJKV1QiLCJhbGciOiJIUzI1NiJ9.eyJ0b2tlbl90eXBlIjoicmVmcmVzaCIsImV4cCI6MTYzMDI1NzQzMSwianRpIjoiNTIxYzg2MjQxNzEzNGNjOWI1NjA4ZWRjY2M2MWY2NzgiLCJ1c2VyX2lkIjoiMjdlNTRhMWEtN2VlMC00YmMxLTkyMDAtOGI5MjU3NGRjMjFkIn0.m1l0Ljs2r5d3wFzwIRwo8MyVQNO7t2tze1InKyaDBM8",
    "created_at": "2021-08-28T17:17:11.403Z",
    "expires_at": "2021-08-29T17:17:11Z"
  }
},
{
  "model": "token_blacklist.outstandingtoken",
  "pk": 106,
  "fields": {
    "user": "27e54a1a-7ee0-4bc1-9200-8b92574dc21d",
    "jti": "5429df063def4e64834bd2f57a651b91",
    "token": "eyJ0eXAiOiJKV1QiLCJhbGciOiJIUzI1NiJ9.eyJ0b2tlbl90eXBlIjoicmVmcmVzaCIsImV4cCI6MTYzMDMzNTU2MiwianRpIjoiNTQyOWRmMDYzZGVmNGU2NDgzNGJkMmY1N2E2NTFiOTEiLCJ1c2VyX2lkIjoiMjdlNTRhMWEtN2VlMC00YmMxLTkyMDAtOGI5MjU3NGRjMjFkIn0.LjQRv8NMd4QFvbBI82JtKisFVszk0usbnu7FxAgAi38",
    "created_at": "2021-08-29T14:59:22.749Z",
    "expires_at": "2021-08-30T14:59:22Z"
  }
},
{
  "model": "token_blacklist.outstandingtoken",
  "pk": 107,
  "fields": {
    "user": "27e54a1a-7ee0-4bc1-9200-8b92574dc21d",
    "jti": "cbc36a62a07f4e54b8d09cddbf774b21",
    "token": "eyJ0eXAiOiJKV1QiLCJhbGciOiJIUzI1NiJ9.eyJ0b2tlbl90eXBlIjoicmVmcmVzaCIsImV4cCI6MTYzMDM0MTM4MywianRpIjoiY2JjMzZhNjJhMDdmNGU1NGI4ZDA5Y2RkYmY3NzRiMjEiLCJ1c2VyX2lkIjoiMjdlNTRhMWEtN2VlMC00YmMxLTkyMDAtOGI5MjU3NGRjMjFkIn0.WaAYfWvxoGLBTjt0vPofhF5yHKukAduHUpZHTmZSVHM",
    "created_at": "2021-08-29T16:36:23.457Z",
    "expires_at": "2021-08-30T16:36:23Z"
  }
},
{
  "model": "token_blacklist.outstandingtoken",
  "pk": 108,
  "fields": {
    "user": "27e54a1a-7ee0-4bc1-9200-8b92574dc21d",
    "jti": "512781318b2744958ca57e93ec6c8556",
    "token": "eyJ0eXAiOiJKV1QiLCJhbGciOiJIUzI1NiJ9.eyJ0b2tlbl90eXBlIjoicmVmcmVzaCIsImV4cCI6MTYzMDQwMTM1OSwianRpIjoiNTEyNzgxMzE4YjI3NDQ5NThjYTU3ZTkzZWM2Yzg1NTYiLCJ1c2VyX2lkIjoiMjdlNTRhMWEtN2VlMC00YmMxLTkyMDAtOGI5MjU3NGRjMjFkIn0.pIWz9-KHr9_SU1Ym4Gr_JaHtNrK8toKcTjDjFwMRPLw",
    "created_at": "2021-08-30T09:15:59.951Z",
    "expires_at": "2021-08-31T09:15:59Z"
  }
},
{
  "model": "token_blacklist.outstandingtoken",
  "pk": 109,
  "fields": {
    "user": "cf3e493d-de34-4bab-8e91-b4f3a646b118",
    "jti": "82a352abcfd54b0fb3112eec56a06c4e",
    "token": "eyJ0eXAiOiJKV1QiLCJhbGciOiJIUzI1NiJ9.eyJ0b2tlbl90eXBlIjoicmVmcmVzaCIsImV4cCI6MTYzMDQzMzU2OSwianRpIjoiODJhMzUyYWJjZmQ1NGIwZmIzMTEyZWVjNTZhMDZjNGUiLCJ1c2VyX2lkIjoiY2YzZTQ5M2QtZGUzNC00YmFiLThlOTEtYjRmM2E2NDZiMTE4In0.TVhQ_wfo4WyL5yqDTGwI4wtW_puf-NLVVFo_P3DvBws",
    "created_at": "2021-08-30T18:12:49.791Z",
    "expires_at": "2021-08-31T18:12:49Z"
  }
},
{
  "model": "token_blacklist.outstandingtoken",
  "pk": 110,
  "fields": {
    "user": "59f4ec2c-f072-4bf2-adfc-05b56b6c5842",
    "jti": "54cd57ed2e2c41ff86e89ad20eadcaf4",
    "token": "eyJ0eXAiOiJKV1QiLCJhbGciOiJIUzI1NiJ9.eyJ0b2tlbl90eXBlIjoicmVmcmVzaCIsImV4cCI6MTYzMDQ0MDc1MCwianRpIjoiNTRjZDU3ZWQyZTJjNDFmZjg2ZTg5YWQyMGVhZGNhZjQiLCJ1c2VyX2lkIjoiNTlmNGVjMmMtZjA3Mi00YmYyLWFkZmMtMDViNTZiNmM1ODQyIn0.XARAIk5_-FyZh2Y8Fq2lTHnN2EOrBprGet9oP4fgCEE",
    "created_at": "2021-08-30T20:12:30.209Z",
    "expires_at": "2021-08-31T20:12:30Z"
  }
},
{
  "model": "token_blacklist.outstandingtoken",
  "pk": 111,
  "fields": {
    "user": "27e54a1a-7ee0-4bc1-9200-8b92574dc21d",
    "jti": "f25cb2fb3e7d4923a3aa75895c97bb93",
    "token": "eyJ0eXAiOiJKV1QiLCJhbGciOiJIUzI1NiJ9.eyJ0b2tlbl90eXBlIjoicmVmcmVzaCIsImV4cCI6MTYzMDQ0MTMwMiwianRpIjoiZjI1Y2IyZmIzZTdkNDkyM2EzYWE3NTg5NWM5N2JiOTMiLCJ1c2VyX2lkIjoiMjdlNTRhMWEtN2VlMC00YmMxLTkyMDAtOGI5MjU3NGRjMjFkIn0.HFpce0KoDPw4UnR2pgcKnTJPOODfkJHJbK8yY4nAX5M",
    "created_at": "2021-08-30T20:21:42.101Z",
    "expires_at": "2021-08-31T20:21:42Z"
  }
},
{
  "model": "token_blacklist.outstandingtoken",
  "pk": 112,
  "fields": {
    "user": "27e54a1a-7ee0-4bc1-9200-8b92574dc21d",
    "jti": "be44dc3c774e431c90719fd1a4c017d2",
    "token": "eyJ0eXAiOiJKV1QiLCJhbGciOiJIUzI1NiJ9.eyJ0b2tlbl90eXBlIjoicmVmcmVzaCIsImV4cCI6MTYzMDQ0MTMyOCwianRpIjoiYmU0NGRjM2M3NzRlNDMxYzkwNzE5ZmQxYTRjMDE3ZDIiLCJ1c2VyX2lkIjoiMjdlNTRhMWEtN2VlMC00YmMxLTkyMDAtOGI5MjU3NGRjMjFkIn0.waTYhgUmQnP9Twr1AAK5a0o_VAMgFwVazAR0s8io2Sc",
    "created_at": "2021-08-30T20:22:08.929Z",
    "expires_at": "2021-08-31T20:22:08Z"
  }
},
{
  "model": "token_blacklist.outstandingtoken",
  "pk": 113,
  "fields": {
    "user": "59f4ec2c-f072-4bf2-adfc-05b56b6c5842",
    "jti": "f691acb1a98442cc9639d2e5733ee8fe",
    "token": "eyJ0eXAiOiJKV1QiLCJhbGciOiJIUzI1NiJ9.eyJ0b2tlbl90eXBlIjoicmVmcmVzaCIsImV4cCI6MTYzMDQ0MzUzNiwianRpIjoiZjY5MWFjYjFhOTg0NDJjYzk2MzlkMmU1NzMzZWU4ZmUiLCJ1c2VyX2lkIjoiNTlmNGVjMmMtZjA3Mi00YmYyLWFkZmMtMDViNTZiNmM1ODQyIn0.1YlxjjpudcPw6JWlU3NOr3PPMtkptKKk-aRGU8y69wE",
    "created_at": "2021-08-30T20:58:56.171Z",
    "expires_at": "2021-08-31T20:58:56Z"
  }
},
{
  "model": "token_blacklist.outstandingtoken",
  "pk": 114,
  "fields": {
    "user": "cf3e493d-de34-4bab-8e91-b4f3a646b118",
    "jti": "21f68fef773d4c22b130407837875a91",
    "token": "eyJ0eXAiOiJKV1QiLCJhbGciOiJIUzI1NiJ9.eyJ0b2tlbl90eXBlIjoicmVmcmVzaCIsImV4cCI6MTYzMDQ0MzYwMywianRpIjoiMjFmNjhmZWY3NzNkNGMyMmIxMzA0MDc4Mzc4NzVhOTEiLCJ1c2VyX2lkIjoiY2YzZTQ5M2QtZGUzNC00YmFiLThlOTEtYjRmM2E2NDZiMTE4In0.OPggYL8ooglaJS1eq1p8hbnruKZ1y1ZfvpTRtkeRwh4",
    "created_at": "2021-08-30T21:00:03.107Z",
    "expires_at": "2021-08-31T21:00:03Z"
  }
},
{
  "model": "token_blacklist.outstandingtoken",
  "pk": 115,
  "fields": {
    "user": "27e54a1a-7ee0-4bc1-9200-8b92574dc21d",
    "jti": "ba5fc43fe42f4df2a8039afd5b7eeb78",
    "token": "eyJ0eXAiOiJKV1QiLCJhbGciOiJIUzI1NiJ9.eyJ0b2tlbl90eXBlIjoicmVmcmVzaCIsImV4cCI6MTYzMDQ0Mzg1MCwianRpIjoiYmE1ZmM0M2ZlNDJmNGRmMmE4MDM5YWZkNWI3ZWViNzgiLCJ1c2VyX2lkIjoiMjdlNTRhMWEtN2VlMC00YmMxLTkyMDAtOGI5MjU3NGRjMjFkIn0.0pqL6YawEuASs2YXq7zINQWhvbhgIrU2NTlE_aBsQmw",
    "created_at": "2021-08-30T21:04:10.068Z",
    "expires_at": "2021-08-31T21:04:10Z"
  }
},
{
  "model": "token_blacklist.outstandingtoken",
  "pk": 116,
  "fields": {
    "user": "cf3e493d-de34-4bab-8e91-b4f3a646b118",
    "jti": "c3d03240c5304006ae5c9ffd75c610b1",
    "token": "eyJ0eXAiOiJKV1QiLCJhbGciOiJIUzI1NiJ9.eyJ0b2tlbl90eXBlIjoicmVmcmVzaCIsImV4cCI6MTYzMDQ0NDIyMSwianRpIjoiYzNkMDMyNDBjNTMwNDAwNmFlNWM5ZmZkNzVjNjEwYjEiLCJ1c2VyX2lkIjoiY2YzZTQ5M2QtZGUzNC00YmFiLThlOTEtYjRmM2E2NDZiMTE4In0.LQc544Sm4gbrkMxe3kFLUbmyV2pLwvXhg10vQsjgaHM",
    "created_at": "2021-08-30T21:10:21.423Z",
    "expires_at": "2021-08-31T21:10:21Z"
  }
},
{
  "model": "token_blacklist.outstandingtoken",
  "pk": 117,
  "fields": {
    "user": "cf3e493d-de34-4bab-8e91-b4f3a646b118",
    "jti": "6ec5c79ff131456a95dda9648d5733c9",
    "token": "eyJ0eXAiOiJKV1QiLCJhbGciOiJIUzI1NiJ9.eyJ0b2tlbl90eXBlIjoicmVmcmVzaCIsImV4cCI6MTYzMDQ0NDg1MiwianRpIjoiNmVjNWM3OWZmMTMxNDU2YTk1ZGRhOTY0OGQ1NzMzYzkiLCJ1c2VyX2lkIjoiY2YzZTQ5M2QtZGUzNC00YmFiLThlOTEtYjRmM2E2NDZiMTE4In0.q6WFULG_AsQvmnG48RmhgM7gSkCDase8tQSjmzW4A2s",
    "created_at": "2021-08-30T21:20:52.792Z",
    "expires_at": "2021-08-31T21:20:52Z"
  }
},
{
  "model": "token_blacklist.outstandingtoken",
  "pk": 118,
  "fields": {
    "user": "59f4ec2c-f072-4bf2-adfc-05b56b6c5842",
    "jti": "8400ce0e2e174d1ea1802474382c6a31",
    "token": "eyJ0eXAiOiJKV1QiLCJhbGciOiJIUzI1NiJ9.eyJ0b2tlbl90eXBlIjoicmVmcmVzaCIsImV4cCI6MTYzMDQ0NTIzNSwianRpIjoiODQwMGNlMGUyZTE3NGQxZWExODAyNDc0MzgyYzZhMzEiLCJ1c2VyX2lkIjoiNTlmNGVjMmMtZjA3Mi00YmYyLWFkZmMtMDViNTZiNmM1ODQyIn0.43aphgQh2AZp7QwUVFAcjB2CT6TYSoZaeSiJkymPV50",
    "created_at": "2021-08-30T21:27:15.353Z",
    "expires_at": "2021-08-31T21:27:15Z"
  }
},
{
  "model": "token_blacklist.outstandingtoken",
  "pk": 119,
  "fields": {
    "user": "27e54a1a-7ee0-4bc1-9200-8b92574dc21d",
    "jti": "42d90e70aeae43f293228e003dcf1368",
    "token": "eyJ0eXAiOiJKV1QiLCJhbGciOiJIUzI1NiJ9.eyJ0b2tlbl90eXBlIjoicmVmcmVzaCIsImV4cCI6MTYzMDQ0NTQ3OSwianRpIjoiNDJkOTBlNzBhZWFlNDNmMjkzMjI4ZTAwM2RjZjEzNjgiLCJ1c2VyX2lkIjoiMjdlNTRhMWEtN2VlMC00YmMxLTkyMDAtOGI5MjU3NGRjMjFkIn0.f7UIbLU_EvXyPb2TqjOD3f-ErdLTQqO0pWilTlgW3QE",
    "created_at": "2021-08-30T21:31:19.751Z",
    "expires_at": "2021-08-31T21:31:19Z"
  }
},
{
  "model": "token_blacklist.outstandingtoken",
  "pk": 120,
  "fields": {
    "user": "cf3e493d-de34-4bab-8e91-b4f3a646b118",
    "jti": "a093d78555a7417f807ed33e43b34f9b",
    "token": "eyJ0eXAiOiJKV1QiLCJhbGciOiJIUzI1NiJ9.eyJ0b2tlbl90eXBlIjoicmVmcmVzaCIsImV4cCI6MTYzMDQ0NjI2NiwianRpIjoiYTA5M2Q3ODU1NWE3NDE3ZjgwN2VkMzNlNDNiMzRmOWIiLCJ1c2VyX2lkIjoiY2YzZTQ5M2QtZGUzNC00YmFiLThlOTEtYjRmM2E2NDZiMTE4In0.qlhI9xKoOcIVsNY_lZNpvOieyZtq0FC3-b-zA1FUOac",
    "created_at": "2021-08-30T21:44:26.628Z",
    "expires_at": "2021-08-31T21:44:26Z"
  }
},
{
  "model": "token_blacklist.outstandingtoken",
  "pk": 121,
  "fields": {
    "user": "27e54a1a-7ee0-4bc1-9200-8b92574dc21d",
    "jti": "336b4f168e174a0cbae5da61b1e7f708",
    "token": "eyJ0eXAiOiJKV1QiLCJhbGciOiJIUzI1NiJ9.eyJ0b2tlbl90eXBlIjoicmVmcmVzaCIsImV4cCI6MTYzMDQ4NTA0NywianRpIjoiMzM2YjRmMTY4ZTE3NGEwY2JhZTVkYTYxYjFlN2Y3MDgiLCJ1c2VyX2lkIjoiMjdlNTRhMWEtN2VlMC00YmMxLTkyMDAtOGI5MjU3NGRjMjFkIn0.53vbs1ybWTTezdrsZFInl93Nub_-ibR8K4YcffsRV2Y",
    "created_at": "2021-08-31T08:30:47.030Z",
    "expires_at": "2021-09-01T08:30:47Z"
  }
},
{
  "model": "token_blacklist.outstandingtoken",
  "pk": 122,
  "fields": {
    "user": "cf3e493d-de34-4bab-8e91-b4f3a646b118",
    "jti": "adec94a622134413afbe39d5a763ff89",
    "token": "eyJ0eXAiOiJKV1QiLCJhbGciOiJIUzI1NiJ9.eyJ0b2tlbl90eXBlIjoicmVmcmVzaCIsImV4cCI6MTYzMDQ5OTE5MiwianRpIjoiYWRlYzk0YTYyMjEzNDQxM2FmYmUzOWQ1YTc2M2ZmODkiLCJ1c2VyX2lkIjoiY2YzZTQ5M2QtZGUzNC00YmFiLThlOTEtYjRmM2E2NDZiMTE4In0.8bIP4VfkglDFG1yDlEa2kGZ9FdSk-3-47OudAgk_N0g",
    "created_at": "2021-08-31T12:26:32.269Z",
    "expires_at": "2021-09-01T12:26:32Z"
  }
},
{
  "model": "token_blacklist.outstandingtoken",
  "pk": 123,
  "fields": {
    "user": "27e54a1a-7ee0-4bc1-9200-8b92574dc21d",
    "jti": "ba77d2cd28804186bcbcd75e0ebe8d23",
    "token": "eyJ0eXAiOiJKV1QiLCJhbGciOiJIUzI1NiJ9.eyJ0b2tlbl90eXBlIjoicmVmcmVzaCIsImV4cCI6MTYzMDUwMjUxNiwianRpIjoiYmE3N2QyY2QyODgwNDE4NmJjYmNkNzVlMGViZThkMjMiLCJ1c2VyX2lkIjoiMjdlNTRhMWEtN2VlMC00YmMxLTkyMDAtOGI5MjU3NGRjMjFkIn0.2krZsOdbsGtEEKjuc3th08nEre-Ee5Gt5AMFKjHCWPg",
    "created_at": "2021-08-31T13:21:56.566Z",
    "expires_at": "2021-09-01T13:21:56Z"
  }
},
{
  "model": "token_blacklist.outstandingtoken",
  "pk": 124,
  "fields": {
    "user": "cf3e493d-de34-4bab-8e91-b4f3a646b118",
    "jti": "bfef9ab2ef614d9092fba041855695dc",
    "token": "eyJ0eXAiOiJKV1QiLCJhbGciOiJIUzI1NiJ9.eyJ0b2tlbl90eXBlIjoicmVmcmVzaCIsImV4cCI6MTYzMDU3MzE3NSwianRpIjoiYmZlZjlhYjJlZjYxNGQ5MDkyZmJhMDQxODU1Njk1ZGMiLCJ1c2VyX2lkIjoiY2YzZTQ5M2QtZGUzNC00YmFiLThlOTEtYjRmM2E2NDZiMTE4In0.Pd0Dq-85fOAyP2KqMpD8ggSXlTtRIMgdNew0rvnB_vQ",
    "created_at": "2021-09-01T08:59:35.622Z",
    "expires_at": "2021-09-02T08:59:35Z"
  }
},
{
  "model": "token_blacklist.outstandingtoken",
  "pk": 125,
  "fields": {
    "user": "27e54a1a-7ee0-4bc1-9200-8b92574dc21d",
    "jti": "1e4a1440db38491d98a9ae07e71e6e0e",
    "token": "eyJ0eXAiOiJKV1QiLCJhbGciOiJIUzI1NiJ9.eyJ0b2tlbl90eXBlIjoicmVmcmVzaCIsImV4cCI6MTYzMDU3NTQ1MiwianRpIjoiMWU0YTE0NDBkYjM4NDkxZDk4YTlhZTA3ZTcxZTZlMGUiLCJ1c2VyX2lkIjoiMjdlNTRhMWEtN2VlMC00YmMxLTkyMDAtOGI5MjU3NGRjMjFkIn0.yy_IphYgpzK3u2Cz-pUWXMJXdmgaomzAZ5Ss-mms0c4",
    "created_at": "2021-09-01T09:37:32.618Z",
    "expires_at": "2021-09-02T09:37:32Z"
  }
},
{
  "model": "token_blacklist.outstandingtoken",
  "pk": 126,
  "fields": {
    "user": "cf3e493d-de34-4bab-8e91-b4f3a646b118",
    "jti": "edac75d08c2149a0aa88e05f961b2fc9",
    "token": "eyJ0eXAiOiJKV1QiLCJhbGciOiJIUzI1NiJ9.eyJ0b2tlbl90eXBlIjoicmVmcmVzaCIsImV4cCI6MTYzMDU3NTYyNSwianRpIjoiZWRhYzc1ZDA4YzIxNDlhMGFhODhlMDVmOTYxYjJmYzkiLCJ1c2VyX2lkIjoiY2YzZTQ5M2QtZGUzNC00YmFiLThlOTEtYjRmM2E2NDZiMTE4In0.ueDu90a7PJE-DYAkKUNNnqChrXJcOUeeP-8pBEMWinY",
    "created_at": "2021-09-01T09:40:25.417Z",
    "expires_at": "2021-09-02T09:40:25Z"
  }
},
{
  "model": "token_blacklist.outstandingtoken",
  "pk": 127,
  "fields": {
    "user": "27e54a1a-7ee0-4bc1-9200-8b92574dc21d",
    "jti": "3f3ded397df74a659f111e4404e50976",
    "token": "eyJ0eXAiOiJKV1QiLCJhbGciOiJIUzI1NiJ9.eyJ0b2tlbl90eXBlIjoicmVmcmVzaCIsImV4cCI6MTYzMDU5MDc1OSwianRpIjoiM2YzZGVkMzk3ZGY3NGE2NTlmMTExZTQ0MDRlNTA5NzYiLCJ1c2VyX2lkIjoiMjdlNTRhMWEtN2VlMC00YmMxLTkyMDAtOGI5MjU3NGRjMjFkIn0.2H0dRgBVKZ7d1d57Tn4-MHKxcQSR-v85bH8cVOjo9Wo",
    "created_at": "2021-09-01T13:52:39.156Z",
    "expires_at": "2021-09-02T13:52:39Z"
  }
},
{
  "model": "token_blacklist.outstandingtoken",
  "pk": 128,
  "fields": {
    "user": "59f4ec2c-f072-4bf2-adfc-05b56b6c5842",
    "jti": "eb8f6c0c008048afb4475f781e351ee2",
    "token": "eyJ0eXAiOiJKV1QiLCJhbGciOiJIUzI1NiJ9.eyJ0b2tlbl90eXBlIjoicmVmcmVzaCIsImV4cCI6MTYzMDU5MTg0OSwianRpIjoiZWI4ZjZjMGMwMDgwNDhhZmI0NDc1Zjc4MWUzNTFlZTIiLCJ1c2VyX2lkIjoiNTlmNGVjMmMtZjA3Mi00YmYyLWFkZmMtMDViNTZiNmM1ODQyIn0.ugDuNjoP_ceYy35I6Y99NHWsX1hOgHvY56xgb4mIn54",
    "created_at": "2021-09-01T14:10:49.771Z",
    "expires_at": "2021-09-02T14:10:49Z"
  }
},
{
  "model": "token_blacklist.outstandingtoken",
  "pk": 129,
  "fields": {
    "user": "cf3e493d-de34-4bab-8e91-b4f3a646b118",
    "jti": "4489a263f01445799fb1118e84c49d9f",
    "token": "eyJ0eXAiOiJKV1QiLCJhbGciOiJIUzI1NiJ9.eyJ0b2tlbl90eXBlIjoicmVmcmVzaCIsImV4cCI6MTYzMDY1Njg3NywianRpIjoiNDQ4OWEyNjNmMDE0NDU3OTlmYjExMThlODRjNDlkOWYiLCJ1c2VyX2lkIjoiY2YzZTQ5M2QtZGUzNC00YmFiLThlOTEtYjRmM2E2NDZiMTE4In0.8PfJUfvm1MRDx4zpZMnd4Stt6gwt6AVOnhaip8krNW0",
    "created_at": "2021-09-02T08:14:37.547Z",
    "expires_at": "2021-09-03T08:14:37Z"
  }
},
{
  "model": "token_blacklist.outstandingtoken",
  "pk": 130,
  "fields": {
    "user": "cf3e493d-de34-4bab-8e91-b4f3a646b118",
    "jti": "816a449246df4d1892990df28e103d5c",
    "token": "eyJ0eXAiOiJKV1QiLCJhbGciOiJIUzI1NiJ9.eyJ0b2tlbl90eXBlIjoicmVmcmVzaCIsImV4cCI6MTYzMDY1NjkzMywianRpIjoiODE2YTQ0OTI0NmRmNGQxODkyOTkwZGYyOGUxMDNkNWMiLCJ1c2VyX2lkIjoiY2YzZTQ5M2QtZGUzNC00YmFiLThlOTEtYjRmM2E2NDZiMTE4In0.WT9e-_TwiWTqAE_CeEWB6WPPaLhsI0twaT9qioQL5tI",
    "created_at": "2021-09-02T08:15:33.360Z",
    "expires_at": "2021-09-03T08:15:33Z"
  }
},
{
  "model": "token_blacklist.outstandingtoken",
  "pk": 131,
  "fields": {
    "user": "27e54a1a-7ee0-4bc1-9200-8b92574dc21d",
    "jti": "1a3010d2f6b742f9ad220b14f5a69e62",
    "token": "eyJ0eXAiOiJKV1QiLCJhbGciOiJIUzI1NiJ9.eyJ0b2tlbl90eXBlIjoicmVmcmVzaCIsImV4cCI6MTYzMDY1OTQ5NywianRpIjoiMWEzMDEwZDJmNmI3NDJmOWFkMjIwYjE0ZjVhNjllNjIiLCJ1c2VyX2lkIjoiMjdlNTRhMWEtN2VlMC00YmMxLTkyMDAtOGI5MjU3NGRjMjFkIn0.eZMPKA9eXDmWPVz6C0LX8T8x1K3UHyHAPozpj6CAYjw",
    "created_at": "2021-09-02T08:58:17.189Z",
    "expires_at": "2021-09-03T08:58:17Z"
  }
},
{
  "model": "token_blacklist.outstandingtoken",
  "pk": 132,
  "fields": {
    "user": "27e54a1a-7ee0-4bc1-9200-8b92574dc21d",
    "jti": "7d3286eaea1a463f9a13224fa9ccedc3",
    "token": "eyJ0eXAiOiJKV1QiLCJhbGciOiJIUzI1NiJ9.eyJ0b2tlbl90eXBlIjoicmVmcmVzaCIsImV4cCI6MTYzMDY3NzM5NywianRpIjoiN2QzMjg2ZWFlYTFhNDYzZjlhMTMyMjRmYTljY2VkYzMiLCJ1c2VyX2lkIjoiMjdlNTRhMWEtN2VlMC00YmMxLTkyMDAtOGI5MjU3NGRjMjFkIn0.Ez8w3gRRheTen7J4-A7wtQ2Ddj-PpUBeYqNwvTLvbBc",
    "created_at": "2021-09-02T13:56:37.199Z",
    "expires_at": "2021-09-03T13:56:37Z"
  }
},
{
  "model": "token_blacklist.outstandingtoken",
  "pk": 133,
  "fields": {
    "user": "cf3e493d-de34-4bab-8e91-b4f3a646b118",
    "jti": "3fd48c5ee5be4c27aa2ef512fdb303d5",
    "token": "eyJ0eXAiOiJKV1QiLCJhbGciOiJIUzI1NiJ9.eyJ0b2tlbl90eXBlIjoicmVmcmVzaCIsImV4cCI6MTYzMTAyODM3NCwianRpIjoiM2ZkNDhjNWVlNWJlNGMyN2FhMmVmNTEyZmRiMzAzZDUiLCJ1c2VyX2lkIjoiY2YzZTQ5M2QtZGUzNC00YmFiLThlOTEtYjRmM2E2NDZiMTE4In0.u8CmPsTF7_1lG3Zg4fgTVfPmyMf_6WL1W7KAUWtoFv4",
    "created_at": "2021-09-06T15:26:14.548Z",
    "expires_at": "2021-09-07T15:26:14Z"
  }
},
{
  "model": "token_blacklist.outstandingtoken",
  "pk": 134,
  "fields": {
    "user": "27e54a1a-7ee0-4bc1-9200-8b92574dc21d",
    "jti": "0179519b0a734b5783483bfd1cb9fa73",
    "token": "eyJ0eXAiOiJKV1QiLCJhbGciOiJIUzI1NiJ9.eyJ0b2tlbl90eXBlIjoicmVmcmVzaCIsImV4cCI6MTYzMTAyODQ2NiwianRpIjoiMDE3OTUxOWIwYTczNGI1NzgzNDgzYmZkMWNiOWZhNzMiLCJ1c2VyX2lkIjoiMjdlNTRhMWEtN2VlMC00YmMxLTkyMDAtOGI5MjU3NGRjMjFkIn0.jQDju1gqZJCHoTZ0GsOy5Ep1SGHl0hzOFmk5tAoPr_g",
    "created_at": "2021-09-06T15:27:46.741Z",
    "expires_at": "2021-09-07T15:27:46Z"
  }
},
{
  "model": "token_blacklist.outstandingtoken",
  "pk": 135,
  "fields": {
    "user": "cf3e493d-de34-4bab-8e91-b4f3a646b118",
    "jti": "e960d96e44364a8e885f89342a698c1b",
    "token": "eyJ0eXAiOiJKV1QiLCJhbGciOiJIUzI1NiJ9.eyJ0b2tlbl90eXBlIjoicmVmcmVzaCIsImV4cCI6MTYzMTAyODUwNSwianRpIjoiZTk2MGQ5NmU0NDM2NGE4ZTg4NWY4OTM0MmE2OThjMWIiLCJ1c2VyX2lkIjoiY2YzZTQ5M2QtZGUzNC00YmFiLThlOTEtYjRmM2E2NDZiMTE4In0.wk_V7KKcpEBc4yMDrWJRYLpjZ-hJdmo8e9U0jaap0ck",
    "created_at": "2021-09-06T15:28:25.787Z",
    "expires_at": "2021-09-07T15:28:25Z"
  }
},
{
  "model": "token_blacklist.outstandingtoken",
  "pk": 136,
  "fields": {
    "user": "27e54a1a-7ee0-4bc1-9200-8b92574dc21d",
    "jti": "e6bd6aaa64c243fda79d631e563b0518",
    "token": "eyJ0eXAiOiJKV1QiLCJhbGciOiJIUzI1NiJ9.eyJ0b2tlbl90eXBlIjoicmVmcmVzaCIsImV4cCI6MTYzMTA5MDM3OSwianRpIjoiZTZiZDZhYWE2NGMyNDNmZGE3OWQ2MzFlNTYzYjA1MTgiLCJ1c2VyX2lkIjoiMjdlNTRhMWEtN2VlMC00YmMxLTkyMDAtOGI5MjU3NGRjMjFkIn0.hf3saBMPXrnWrsp5Dfh5itmw8tivi1axLTU6dpCcZw4",
    "created_at": "2021-09-07T08:39:39.240Z",
    "expires_at": "2021-09-08T08:39:39Z"
  }
}
]
